user_id,signup_ts,country,signup_platform
u_000000,2025-01-06 00:00:00,FR,mobile
u_000001,2025-02-16 00:00:00,US,desktop
u_000002,2025-02-09 00:00:00,GB,web
u_000003,2025-01-27 00:00:00,IN,mobile
u_000004,2025-01-26 00:00:00,CA,desktop
u_000005,2025-02-21 00:00:00,BR,mobile
u_000006,2025-01-06 00:00:00,IN,mobile
u_000007,2025-02-11 00:00:00,BR,desktop
u_000008,2025-01-13 00:00:00,CA,desktop
u_000009,2025-01-06 00:00:00,KR,mobile
u_000010,2025-02-01 00:00:00,IN,desktop
u_000011,2025-02-28 00:00:00,GB,desktop
u_000012,2025-02-14 00:00:00,BR,desktop
u_000013,2025-02-15 00:00:00,MX,desktop
u_000014,2025-02-13 00:00:00,KR,desktop
u_000015,2025-02-17 00:00:00,GB,mobile
u_000016,2025-01-31 00:00:00,IN,desktop
u_000017,2025-01-08 00:00:00,CA,desktop
u_000018,2025-02-20 00:00:00,CA,mobile
u_000019,2025-01-28 00:00:00,IN,desktop
u_000020,2025-01-31 00:00:00,GB,mobile
u_000021,2025-01-23 00:00:00,KR,desktop
u_000022,2025-01-11 00:00:00,KR,desktop
u_000023,2025-02-25 00:00:00,JP,desktop
u_000024,2025-02-16 00:00:00,US,mobile
u_000025,2025-02-08 00:00:00,IN,desktop
u_000026,2025-01-25 00:00:00,KR,mobile
u_000027,2025-02-19 00:00:00,MX,desktop
u_000028,2025-02-02 00:00:00,JP,mobile
u_000029,2025-01-27 00:00:00,GB,mobile
u_000030,2025-01-28 00:00:00,JP,desktop
u_000031,2025-01-14 00:00:00,BR,mobile
u_000032,2025-01-06 00:00:00,US,desktop
u_000033,2025-02-03 00:00:00,KR,desktop
u_000034,2025-02-23 00:00:00,MX,desktop
u_000035,2025-01-04 00:00:00,FR,mobile
u_000036,2025-02-21 00:00:00,JP,web
u_000037,2025-02-19 00:00:00,US,desktop
u_000038,2025-01-17 00:00:00,MX,mobile
u_000039,2025-02-07 00:00:00,IN,mobile
u_000040,2025-01-10 00:00:00,DE,desktop
u_000041,2025-02-15 00:00:00,FR,mobile
u_000042,2025-02-12 00:00:00,CA,mobile
u_000043,2025-01-22 00:00:00,CA,web
u_000044,2025-01-05 00:00:00,DE,web
u_000045,2025-02-28 00:00:00,MX,desktop
u_000046,2025-01-27 00:00:00,IN,desktop
u_000047,2025-02-23 00:00:00,JP,mobile
u_000048,2025-02-10 00:00:00,CA,desktop
u_000049,2025-02-16 00:00:00,KR,desktop
u_000050,2025-02-15 00:00:00,BR,web
u_000051,2025-01-12 00:00:00,GB,desktop
u_000052,2025-01-22 00:00:00,GB,mobile
u_000053,2025-01-29 00:00:00,MX,mobile
u_000054,2025-01-30 00:00:00,CA,desktop
u_000055,2025-01-03 00:00:00,GB,mobile
u_000056,2025-02-02 00:00:00,CA,web
u_000057,2025-01-10 00:00:00,CA,mobile
u_000058,2025-02-14 00:00:00,GB,desktop
u_000059,2025-02-10 00:00:00,IN,desktop
u_000060,2025-02-25 00:00:00,FR,web
u_000061,2025-02-14 00:00:00,JP,desktop
u_000062,2025-01-22 00:00:00,BR,mobile
u_000063,2025-02-28 00:00:00,CA,desktop
u_000064,2025-01-25 00:00:00,JP,desktop
u_000065,2025-01-20 00:00:00,JP,web
u_000066,2025-02-24 00:00:00,CA,mobile
u_000067,2025-01-23 00:00:00,MX,web
u_000068,2025-01-05 00:00:00,GB,desktop
u_000069,2025-01-29 00:00:00,IN,mobile
u_000070,2025-02-17 00:00:00,BR,mobile
u_000071,2025-01-12 00:00:00,KR,desktop
u_000072,2025-01-28 00:00:00,IN,desktop
u_000073,2025-01-08 00:00:00,GB,mobile
u_000074,2025-02-11 00:00:00,KR,desktop
u_000075,2025-01-29 00:00:00,IN,mobile
u_000076,2025-01-20 00:00:00,IN,web
u_000077,2025-01-14 00:00:00,IN,desktop
u_000078,2025-02-03 00:00:00,DE,desktop
u_000079,2025-02-10 00:00:00,BR,desktop
u_000080,2025-02-26 00:00:00,FR,desktop
u_000081,2025-01-27 00:00:00,US,desktop
u_000082,2025-01-10 00:00:00,GB,mobile
u_000083,2025-02-19 00:00:00,KR,desktop
u_000084,2025-02-07 00:00:00,BR,mobile
u_000085,2025-02-12 00:00:00,KR,desktop
u_000086,2025-01-06 00:00:00,CA,desktop
u_000087,2025-01-19 00:00:00,KR,desktop
u_000088,2025-02-16 00:00:00,GB,mobile
u_000089,2025-02-19 00:00:00,US,mobile
u_000090,2025-01-27 00:00:00,FR,desktop
u_000091,2025-02-18 00:00:00,GB,mobile
u_000092,2025-02-20 00:00:00,FR,mobile
u_000093,2025-01-24 00:00:00,BR,desktop
u_000094,2025-02-23 00:00:00,BR,web
u_000095,2025-01-18 00:00:00,CA,desktop
u_000096,2025-01-15 00:00:00,MX,desktop
u_000097,2025-02-10 00:00:00,FR,mobile
u_000098,2025-02-08 00:00:00,CA,desktop
u_000099,2025-01-09 00:00:00,DE,desktop
u_000100,2025-02-19 00:00:00,MX,mobile
u_000101,2025-01-12 00:00:00,KR,desktop
u_000102,2025-02-18 00:00:00,BR,mobile
u_000103,2025-01-01 00:00:00,BR,web
u_000104,2025-02-17 00:00:00,FR,mobile
u_000105,2025-02-17 00:00:00,DE,mobile
u_000106,2025-02-16 00:00:00,CA,mobile
u_000107,2025-02-09 00:00:00,BR,web
u_000108,2025-01-29 00:00:00,DE,desktop
u_000109,2025-02-12 00:00:00,DE,desktop
u_000110,2025-01-17 00:00:00,DE,mobile
u_000111,2025-02-16 00:00:00,KR,mobile
u_000112,2025-02-03 00:00:00,MX,desktop
u_000113,2025-01-28 00:00:00,MX,mobile
u_000114,2025-01-31 00:00:00,CA,desktop
u_000115,2025-02-04 00:00:00,DE,web
u_000116,2025-01-03 00:00:00,MX,desktop
u_000117,2025-01-09 00:00:00,JP,desktop
u_000118,2025-01-15 00:00:00,JP,desktop
u_000119,2025-01-07 00:00:00,CA,desktop
u_000120,2025-01-27 00:00:00,CA,desktop
u_000121,2025-02-10 00:00:00,MX,desktop
u_000122,2025-02-09 00:00:00,JP,desktop
u_000123,2025-01-29 00:00:00,KR,desktop
u_000124,2025-02-21 00:00:00,CA,desktop
u_000125,2025-02-03 00:00:00,DE,desktop
u_000126,2025-01-05 00:00:00,GB,desktop
u_000127,2025-02-15 00:00:00,KR,desktop
u_000128,2025-02-04 00:00:00,US,desktop
u_000129,2025-02-08 00:00:00,GB,desktop
u_000130,2025-02-03 00:00:00,CA,desktop
u_000131,2025-02-03 00:00:00,MX,mobile
u_000132,2025-01-06 00:00:00,JP,web
u_000133,2025-02-03 00:00:00,GB,web
u_000134,2025-02-17 00:00:00,IN,mobile
u_000135,2025-01-19 00:00:00,KR,mobile
u_000136,2025-02-06 00:00:00,JP,desktop
u_000137,2025-01-02 00:00:00,US,mobile
u_000138,2025-01-21 00:00:00,JP,mobile
u_000139,2025-01-27 00:00:00,IN,mobile
u_000140,2025-02-28 00:00:00,CA,mobile
u_000141,2025-01-13 00:00:00,FR,desktop
u_000142,2025-01-17 00:00:00,MX,mobile
u_000143,2025-01-25 00:00:00,KR,mobile
u_000144,2025-03-01 00:00:00,GB,desktop
u_000145,2025-02-21 00:00:00,IN,web
u_000146,2025-01-03 00:00:00,BR,desktop
u_000147,2025-01-15 00:00:00,MX,web
u_000148,2025-02-19 00:00:00,FR,mobile
u_000149,2025-01-04 00:00:00,FR,desktop
u_000150,2025-02-21 00:00:00,GB,mobile
u_000151,2025-01-17 00:00:00,GB,desktop
u_000152,2025-02-25 00:00:00,FR,mobile
u_000153,2025-01-18 00:00:00,JP,mobile
u_000154,2025-01-27 00:00:00,CA,mobile
u_000155,2025-02-09 00:00:00,IN,mobile
u_000156,2025-01-08 00:00:00,IN,desktop
u_000157,2025-02-03 00:00:00,KR,desktop
u_000158,2025-01-31 00:00:00,FR,desktop
u_000159,2025-02-17 00:00:00,GB,desktop
u_000160,2025-03-01 00:00:00,FR,desktop
u_000161,2025-02-09 00:00:00,DE,desktop
u_000162,2025-01-25 00:00:00,IN,desktop
u_000163,2025-01-25 00:00:00,MX,desktop
u_000164,2025-01-26 00:00:00,MX,mobile
u_000165,2025-02-18 00:00:00,MX,desktop
u_000166,2025-01-20 00:00:00,GB,mobile
u_000167,2025-01-11 00:00:00,FR,desktop
u_000168,2025-01-21 00:00:00,MX,desktop
u_000169,2025-01-02 00:00:00,MX,mobile
u_000170,2025-01-07 00:00:00,US,desktop
u_000171,2025-01-06 00:00:00,CA,desktop
u_000172,2025-02-16 00:00:00,MX,mobile
u_000173,2025-02-13 00:00:00,CA,desktop
u_000174,2025-02-11 00:00:00,DE,desktop
u_000175,2025-01-28 00:00:00,CA,mobile
u_000176,2025-02-13 00:00:00,BR,desktop
u_000177,2025-01-10 00:00:00,IN,mobile
u_000178,2025-02-24 00:00:00,KR,desktop
u_000179,2025-01-31 00:00:00,IN,web
u_000180,2025-02-26 00:00:00,KR,mobile
u_000181,2025-01-10 00:00:00,DE,web
u_000182,2025-01-30 00:00:00,KR,mobile
u_000183,2025-02-11 00:00:00,KR,desktop
u_000184,2025-01-30 00:00:00,KR,mobile
u_000185,2025-01-27 00:00:00,DE,desktop
u_000186,2025-01-10 00:00:00,GB,mobile
u_000187,2025-01-23 00:00:00,DE,mobile
u_000188,2025-01-15 00:00:00,IN,desktop
u_000189,2025-01-19 00:00:00,JP,web
u_000190,2025-02-11 00:00:00,GB,desktop
u_000191,2025-02-07 00:00:00,IN,mobile
u_000192,2025-02-06 00:00:00,DE,mobile
u_000193,2025-01-22 00:00:00,DE,desktop
u_000194,2025-02-27 00:00:00,KR,mobile
u_000195,2025-01-06 00:00:00,FR,mobile
u_000196,2025-01-21 00:00:00,DE,desktop
u_000197,2025-01-08 00:00:00,FR,mobile
u_000198,2025-01-21 00:00:00,JP,desktop
u_000199,2025-02-27 00:00:00,BR,mobile
u_000200,2025-01-22 00:00:00,GB,desktop
u_000201,2025-02-24 00:00:00,US,web
u_000202,2025-01-30 00:00:00,US,mobile
u_000203,2025-02-11 00:00:00,GB,desktop
u_000204,2025-01-28 00:00:00,IN,desktop
u_000205,2025-01-16 00:00:00,CA,mobile
u_000206,2025-02-15 00:00:00,BR,mobile
u_000207,2025-02-28 00:00:00,FR,desktop
u_000208,2025-01-16 00:00:00,DE,desktop
u_000209,2025-02-16 00:00:00,BR,desktop
u_000210,2025-01-16 00:00:00,KR,web
u_000211,2025-02-13 00:00:00,CA,mobile
u_000212,2025-02-17 00:00:00,KR,mobile
u_000213,2025-01-27 00:00:00,BR,mobile
u_000214,2025-02-14 00:00:00,BR,web
u_000215,2025-01-17 00:00:00,GB,desktop
u_000216,2025-01-05 00:00:00,IN,desktop
u_000217,2025-01-06 00:00:00,MX,web
u_000218,2025-01-27 00:00:00,DE,web
u_000219,2025-02-24 00:00:00,BR,desktop
u_000220,2025-01-08 00:00:00,MX,desktop
u_000221,2025-01-28 00:00:00,BR,mobile
u_000222,2025-02-12 00:00:00,US,desktop
u_000223,2025-01-13 00:00:00,IN,desktop
u_000224,2025-02-13 00:00:00,IN,mobile
u_000225,2025-01-19 00:00:00,KR,desktop
u_000226,2025-02-18 00:00:00,FR,mobile
u_000227,2025-02-04 00:00:00,MX,desktop
u_000228,2025-02-02 00:00:00,DE,desktop
u_000229,2025-01-11 00:00:00,MX,mobile
u_000230,2025-01-28 00:00:00,KR,desktop
u_000231,2025-02-21 00:00:00,US,mobile
u_000232,2025-01-02 00:00:00,MX,desktop
u_000233,2025-02-15 00:00:00,BR,web
u_000234,2025-01-30 00:00:00,JP,mobile
u_000235,2025-02-13 00:00:00,CA,mobile
u_000236,2025-02-09 00:00:00,DE,desktop
u_000237,2025-01-26 00:00:00,DE,desktop
u_000238,2025-01-19 00:00:00,IN,desktop
u_000239,2025-02-07 00:00:00,FR,mobile
u_000240,2025-01-09 00:00:00,DE,desktop
u_000241,2025-02-05 00:00:00,KR,desktop
u_000242,2025-01-06 00:00:00,IN,desktop
u_000243,2025-02-08 00:00:00,BR,desktop
u_000244,2025-02-07 00:00:00,CA,desktop
u_000245,2025-01-06 00:00:00,FR,desktop
u_000246,2025-02-15 00:00:00,JP,desktop
u_000247,2025-01-25 00:00:00,BR,mobile
u_000248,2025-02-17 00:00:00,BR,desktop
u_000249,2025-01-03 00:00:00,IN,desktop
u_000250,2025-01-11 00:00:00,JP,mobile
u_000251,2025-01-30 00:00:00,JP,mobile
u_000252,2025-01-12 00:00:00,DE,desktop
u_000253,2025-01-20 00:00:00,JP,mobile
u_000254,2025-02-09 00:00:00,DE,web
u_000255,2025-01-09 00:00:00,KR,mobile
u_000256,2025-02-10 00:00:00,CA,web
u_000257,2025-01-07 00:00:00,KR,mobile
u_000258,2025-01-11 00:00:00,US,desktop
u_000259,2025-02-05 00:00:00,MX,desktop
u_000260,2025-02-17 00:00:00,US,mobile
u_000261,2025-01-11 00:00:00,MX,web
u_000262,2025-01-18 00:00:00,US,mobile
u_000263,2025-02-25 00:00:00,JP,desktop
u_000264,2025-03-01 00:00:00,BR,mobile
u_000265,2025-02-04 00:00:00,US,desktop
u_000266,2025-01-27 00:00:00,KR,mobile
u_000267,2025-01-21 00:00:00,CA,mobile
u_000268,2025-02-06 00:00:00,BR,mobile
u_000269,2025-02-05 00:00:00,MX,mobile
u_000270,2025-01-18 00:00:00,GB,mobile
u_000271,2025-01-02 00:00:00,GB,mobile
u_000272,2025-01-10 00:00:00,DE,mobile
u_000273,2025-02-27 00:00:00,IN,mobile
u_000274,2025-01-26 00:00:00,BR,mobile
u_000275,2025-01-29 00:00:00,IN,desktop
u_000276,2025-01-29 00:00:00,DE,mobile
u_000277,2025-02-16 00:00:00,US,desktop
u_000278,2025-01-04 00:00:00,GB,mobile
u_000279,2025-01-05 00:00:00,KR,mobile
u_000280,2025-01-17 00:00:00,CA,desktop
u_000281,2025-01-30 00:00:00,GB,desktop
u_000282,2025-02-10 00:00:00,GB,desktop
u_000283,2025-01-30 00:00:00,CA,mobile
u_000284,2025-01-27 00:00:00,KR,desktop
u_000285,2025-02-26 00:00:00,FR,desktop
u_000286,2025-01-10 00:00:00,MX,mobile
u_000287,2025-02-04 00:00:00,FR,mobile
u_000288,2025-02-02 00:00:00,MX,desktop
u_000289,2025-01-29 00:00:00,IN,desktop
u_000290,2025-02-18 00:00:00,GB,web
u_000291,2025-01-17 00:00:00,GB,mobile
u_000292,2025-02-27 00:00:00,DE,mobile
u_000293,2025-01-20 00:00:00,CA,desktop
u_000294,2025-02-02 00:00:00,CA,desktop
u_000295,2025-02-01 00:00:00,FR,desktop
u_000296,2025-02-20 00:00:00,BR,mobile
u_000297,2025-01-27 00:00:00,IN,desktop
u_000298,2025-01-18 00:00:00,DE,desktop
u_000299,2025-01-02 00:00:00,FR,mobile
u_000300,2025-01-22 00:00:00,DE,web
u_000301,2025-02-19 00:00:00,BR,mobile
u_000302,2025-01-01 00:00:00,JP,mobile
u_000303,2025-02-23 00:00:00,FR,mobile
u_000304,2025-02-02 00:00:00,MX,desktop
u_000305,2025-01-09 00:00:00,US,desktop
u_000306,2025-01-19 00:00:00,GB,mobile
u_000307,2025-02-03 00:00:00,BR,desktop
u_000308,2025-01-19 00:00:00,GB,mobile
u_000309,2025-01-07 00:00:00,JP,mobile
u_000310,2025-02-09 00:00:00,DE,web
u_000311,2025-02-10 00:00:00,US,desktop
u_000312,2025-01-08 00:00:00,JP,desktop
u_000313,2025-01-17 00:00:00,US,desktop
u_000314,2025-01-15 00:00:00,DE,desktop
u_000315,2025-02-09 00:00:00,US,desktop
u_000316,2025-02-13 00:00:00,US,desktop
u_000317,2025-02-13 00:00:00,IN,mobile
u_000318,2025-02-26 00:00:00,FR,mobile
u_000319,2025-02-16 00:00:00,CA,web
u_000320,2025-01-20 00:00:00,US,desktop
u_000321,2025-01-07 00:00:00,US,desktop
u_000322,2025-02-06 00:00:00,GB,desktop
u_000323,2025-02-24 00:00:00,KR,desktop
u_000324,2025-02-28 00:00:00,CA,desktop
u_000325,2025-01-14 00:00:00,FR,web
u_000326,2025-01-15 00:00:00,GB,desktop
u_000327,2025-01-03 00:00:00,BR,desktop
u_000328,2025-01-09 00:00:00,US,mobile
u_000329,2025-02-03 00:00:00,BR,mobile
u_000330,2025-02-02 00:00:00,US,mobile
u_000331,2025-01-23 00:00:00,FR,desktop
u_000332,2025-01-19 00:00:00,DE,mobile
u_000333,2025-02-19 00:00:00,FR,desktop
u_000334,2025-01-28 00:00:00,JP,desktop
u_000335,2025-02-18 00:00:00,JP,mobile
u_000336,2025-02-27 00:00:00,IN,mobile
u_000337,2025-01-20 00:00:00,FR,desktop
u_000338,2025-01-13 00:00:00,US,mobile
u_000339,2025-02-27 00:00:00,US,desktop
u_000340,2025-02-08 00:00:00,IN,desktop
u_000341,2025-01-18 00:00:00,GB,desktop
u_000342,2025-02-07 00:00:00,JP,mobile
u_000343,2025-01-31 00:00:00,CA,desktop
u_000344,2025-02-24 00:00:00,JP,mobile
u_000345,2025-01-16 00:00:00,DE,desktop
u_000346,2025-03-01 00:00:00,GB,mobile
u_000347,2025-02-26 00:00:00,CA,mobile
u_000348,2025-01-11 00:00:00,DE,desktop
u_000349,2025-01-10 00:00:00,JP,desktop
u_000350,2025-02-01 00:00:00,JP,desktop
u_000351,2025-01-03 00:00:00,CA,mobile
u_000352,2025-01-18 00:00:00,CA,desktop
u_000353,2025-01-27 00:00:00,IN,mobile
u_000354,2025-02-28 00:00:00,GB,desktop
u_000355,2025-03-01 00:00:00,GB,mobile
u_000356,2025-01-10 00:00:00,IN,mobile
u_000357,2025-02-23 00:00:00,DE,mobile
u_000358,2025-01-06 00:00:00,KR,web
u_000359,2025-02-14 00:00:00,DE,desktop
u_000360,2025-02-20 00:00:00,KR,mobile
u_000361,2025-02-23 00:00:00,CA,desktop
u_000362,2025-01-14 00:00:00,MX,mobile
u_000363,2025-02-23 00:00:00,BR,mobile
u_000364,2025-01-07 00:00:00,CA,mobile
u_000365,2025-02-01 00:00:00,US,mobile
u_000366,2025-01-29 00:00:00,GB,desktop
u_000367,2025-01-19 00:00:00,BR,desktop
u_000368,2025-01-02 00:00:00,BR,desktop
u_000369,2025-02-16 00:00:00,BR,mobile
u_000370,2025-01-21 00:00:00,US,mobile
u_000371,2025-02-09 00:00:00,FR,desktop
u_000372,2025-01-25 00:00:00,US,desktop
u_000373,2025-01-23 00:00:00,GB,desktop
u_000374,2025-02-23 00:00:00,KR,desktop
u_000375,2025-01-06 00:00:00,MX,desktop
u_000376,2025-02-14 00:00:00,FR,mobile
u_000377,2025-02-14 00:00:00,BR,mobile
u_000378,2025-01-23 00:00:00,MX,desktop
u_000379,2025-01-16 00:00:00,KR,mobile
u_000380,2025-01-01 00:00:00,BR,mobile
u_000381,2025-02-26 00:00:00,IN,desktop
u_000382,2025-02-26 00:00:00,MX,desktop
u_000383,2025-01-15 00:00:00,GB,desktop
u_000384,2025-01-02 00:00:00,BR,desktop
u_000385,2025-01-08 00:00:00,FR,mobile
u_000386,2025-01-05 00:00:00,MX,web
u_000387,2025-02-19 00:00:00,MX,desktop
u_000388,2025-02-23 00:00:00,MX,mobile
u_000389,2025-01-10 00:00:00,FR,desktop
u_000390,2025-02-14 00:00:00,IN,mobile
u_000391,2025-01-11 00:00:00,BR,mobile
u_000392,2025-01-23 00:00:00,KR,desktop
u_000393,2025-02-05 00:00:00,DE,desktop
u_000394,2025-02-13 00:00:00,IN,mobile
u_000395,2025-02-22 00:00:00,KR,web
u_000396,2025-01-03 00:00:00,MX,desktop
u_000397,2025-01-12 00:00:00,DE,desktop
u_000398,2025-01-17 00:00:00,DE,desktop
u_000399,2025-01-19 00:00:00,CA,mobile
u_000400,2025-03-01 00:00:00,US,mobile
u_000401,2025-02-16 00:00:00,JP,mobile
u_000402,2025-01-20 00:00:00,CA,mobile
u_000403,2025-02-28 00:00:00,JP,mobile
u_000404,2025-01-30 00:00:00,GB,mobile
u_000405,2025-01-31 00:00:00,FR,desktop
u_000406,2025-01-27 00:00:00,GB,mobile
u_000407,2025-01-09 00:00:00,CA,desktop
u_000408,2025-02-26 00:00:00,IN,desktop
u_000409,2025-01-01 00:00:00,US,web
u_000410,2025-01-11 00:00:00,JP,mobile
u_000411,2025-01-14 00:00:00,US,web
u_000412,2025-01-17 00:00:00,MX,desktop
u_000413,2025-01-08 00:00:00,KR,mobile
u_000414,2025-01-02 00:00:00,GB,mobile
u_000415,2025-02-10 00:00:00,IN,desktop
u_000416,2025-02-28 00:00:00,KR,desktop
u_000417,2025-01-08 00:00:00,DE,mobile
u_000418,2025-01-18 00:00:00,DE,desktop
u_000419,2025-01-31 00:00:00,IN,web
u_000420,2025-02-25 00:00:00,DE,desktop
u_000421,2025-02-11 00:00:00,CA,desktop
u_000422,2025-02-15 00:00:00,BR,mobile
u_000423,2025-02-04 00:00:00,FR,desktop
u_000424,2025-01-26 00:00:00,GB,web
u_000425,2025-01-12 00:00:00,JP,mobile
u_000426,2025-02-21 00:00:00,BR,desktop
u_000427,2025-02-18 00:00:00,GB,mobile
u_000428,2025-01-02 00:00:00,CA,mobile
u_000429,2025-02-12 00:00:00,DE,mobile
u_000430,2025-01-06 00:00:00,BR,mobile
u_000431,2025-02-14 00:00:00,JP,mobile
u_000432,2025-02-19 00:00:00,BR,mobile
u_000433,2025-01-08 00:00:00,GB,desktop
u_000434,2025-01-27 00:00:00,IN,mobile
u_000435,2025-01-08 00:00:00,JP,web
u_000436,2025-02-04 00:00:00,KR,mobile
u_000437,2025-02-25 00:00:00,KR,mobile
u_000438,2025-01-05 00:00:00,FR,desktop
u_000439,2025-01-24 00:00:00,US,mobile
u_000440,2025-02-28 00:00:00,GB,web
u_000441,2025-01-19 00:00:00,US,desktop
u_000442,2025-01-08 00:00:00,US,desktop
u_000443,2025-01-30 00:00:00,DE,mobile
u_000444,2025-01-31 00:00:00,JP,mobile
u_000445,2025-02-09 00:00:00,FR,mobile
u_000446,2025-01-19 00:00:00,CA,desktop
u_000447,2025-02-27 00:00:00,KR,desktop
u_000448,2025-02-01 00:00:00,CA,mobile
u_000449,2025-01-18 00:00:00,BR,mobile
u_000450,2025-02-27 00:00:00,FR,mobile
u_000451,2025-02-25 00:00:00,FR,mobile
u_000452,2025-01-30 00:00:00,US,mobile
u_000453,2025-01-02 00:00:00,IN,mobile
u_000454,2025-02-05 00:00:00,FR,mobile
u_000455,2025-02-03 00:00:00,IN,mobile
u_000456,2025-01-09 00:00:00,FR,mobile
u_000457,2025-02-08 00:00:00,MX,desktop
u_000458,2025-02-20 00:00:00,IN,desktop
u_000459,2025-01-07 00:00:00,US,mobile
u_000460,2025-02-13 00:00:00,GB,mobile
u_000461,2025-01-09 00:00:00,DE,mobile
u_000462,2025-02-14 00:00:00,IN,desktop
u_000463,2025-01-26 00:00:00,JP,mobile
u_000464,2025-01-01 00:00:00,IN,desktop
u_000465,2025-02-27 00:00:00,BR,mobile
u_000466,2025-01-10 00:00:00,GB,mobile
u_000467,2025-02-05 00:00:00,KR,mobile
u_000468,2025-01-11 00:00:00,US,mobile
u_000469,2025-02-25 00:00:00,DE,desktop
u_000470,2025-02-14 00:00:00,FR,desktop
u_000471,2025-02-18 00:00:00,US,mobile
u_000472,2025-01-26 00:00:00,IN,mobile
u_000473,2025-01-29 00:00:00,DE,mobile
u_000474,2025-02-08 00:00:00,BR,desktop
u_000475,2025-02-17 00:00:00,IN,desktop
u_000476,2025-02-20 00:00:00,JP,desktop
u_000477,2025-01-02 00:00:00,BR,desktop
u_000478,2025-02-09 00:00:00,US,desktop
u_000479,2025-01-07 00:00:00,BR,web
u_000480,2025-01-18 00:00:00,KR,mobile
u_000481,2025-02-19 00:00:00,FR,desktop
u_000482,2025-01-16 00:00:00,BR,desktop
u_000483,2025-02-17 00:00:00,GB,desktop
u_000484,2025-01-28 00:00:00,GB,mobile
u_000485,2025-01-14 00:00:00,GB,desktop
u_000486,2025-01-21 00:00:00,DE,mobile
u_000487,2025-02-01 00:00:00,US,mobile
u_000488,2025-02-15 00:00:00,JP,desktop
u_000489,2025-02-06 00:00:00,GB,mobile
u_000490,2025-02-25 00:00:00,GB,web
u_000491,2025-02-22 00:00:00,DE,desktop
u_000492,2025-02-15 00:00:00,MX,desktop
u_000493,2025-02-06 00:00:00,KR,web
u_000494,2025-01-18 00:00:00,IN,mobile
u_000495,2025-01-25 00:00:00,DE,mobile
u_000496,2025-01-08 00:00:00,FR,mobile
u_000497,2025-01-23 00:00:00,FR,desktop
u_000498,2025-02-25 00:00:00,US,mobile
u_000499,2025-01-26 00:00:00,MX,mobile
u_000500,2025-01-07 00:00:00,KR,desktop
u_000501,2025-02-09 00:00:00,US,mobile
u_000502,2025-02-27 00:00:00,CA,web
u_000503,2025-02-22 00:00:00,BR,mobile
u_000504,2025-01-17 00:00:00,US,desktop
u_000505,2025-01-28 00:00:00,BR,desktop
u_000506,2025-02-01 00:00:00,IN,web
u_000507,2025-01-15 00:00:00,KR,web
u_000508,2025-01-17 00:00:00,IN,mobile
u_000509,2025-01-15 00:00:00,BR,mobile
u_000510,2025-03-01 00:00:00,BR,mobile
u_000511,2025-02-14 00:00:00,FR,desktop
u_000512,2025-02-20 00:00:00,MX,desktop
u_000513,2025-02-18 00:00:00,CA,desktop
u_000514,2025-02-27 00:00:00,BR,desktop
u_000515,2025-01-07 00:00:00,FR,mobile
u_000516,2025-02-22 00:00:00,KR,desktop
u_000517,2025-01-04 00:00:00,JP,desktop
u_000518,2025-01-29 00:00:00,BR,mobile
u_000519,2025-02-05 00:00:00,MX,desktop
u_000520,2025-01-22 00:00:00,IN,desktop
u_000521,2025-01-09 00:00:00,US,mobile
u_000522,2025-01-12 00:00:00,DE,desktop
u_000523,2025-02-19 00:00:00,IN,mobile
u_000524,2025-01-20 00:00:00,US,web
u_000525,2025-01-19 00:00:00,GB,desktop
u_000526,2025-02-25 00:00:00,IN,web
u_000527,2025-01-09 00:00:00,MX,web
u_000528,2025-02-24 00:00:00,US,mobile
u_000529,2025-02-25 00:00:00,JP,mobile
u_000530,2025-02-05 00:00:00,MX,mobile
u_000531,2025-01-10 00:00:00,FR,mobile
u_000532,2025-01-10 00:00:00,MX,mobile
u_000533,2025-01-18 00:00:00,BR,desktop
u_000534,2025-02-04 00:00:00,FR,web
u_000535,2025-01-10 00:00:00,MX,mobile
u_000536,2025-01-28 00:00:00,GB,mobile
u_000537,2025-01-07 00:00:00,IN,desktop
u_000538,2025-02-02 00:00:00,JP,desktop
u_000539,2025-01-02 00:00:00,IN,mobile
u_000540,2025-02-12 00:00:00,DE,mobile
u_000541,2025-01-04 00:00:00,MX,desktop
u_000542,2025-01-12 00:00:00,MX,desktop
u_000543,2025-01-11 00:00:00,GB,desktop
u_000544,2025-02-19 00:00:00,FR,mobile
u_000545,2025-01-04 00:00:00,GB,desktop
u_000546,2025-01-26 00:00:00,CA,web
u_000547,2025-02-05 00:00:00,JP,desktop
u_000548,2025-01-31 00:00:00,IN,desktop
u_000549,2025-02-10 00:00:00,BR,desktop
u_000550,2025-02-18 00:00:00,KR,mobile
u_000551,2025-01-24 00:00:00,GB,mobile
u_000552,2025-02-19 00:00:00,DE,mobile
u_000553,2025-01-20 00:00:00,BR,web
u_000554,2025-03-01 00:00:00,MX,desktop
u_000555,2025-01-31 00:00:00,BR,mobile
u_000556,2025-02-14 00:00:00,CA,desktop
u_000557,2025-02-22 00:00:00,FR,desktop
u_000558,2025-02-17 00:00:00,US,mobile
u_000559,2025-02-21 00:00:00,JP,desktop
u_000560,2025-02-02 00:00:00,JP,mobile
u_000561,2025-01-03 00:00:00,GB,mobile
u_000562,2025-01-30 00:00:00,KR,mobile
u_000563,2025-01-11 00:00:00,IN,mobile
u_000564,2025-02-23 00:00:00,IN,mobile
u_000565,2025-01-15 00:00:00,IN,desktop
u_000566,2025-01-14 00:00:00,FR,desktop
u_000567,2025-01-15 00:00:00,KR,desktop
u_000568,2025-02-08 00:00:00,GB,mobile
u_000569,2025-02-04 00:00:00,MX,web
u_000570,2025-02-26 00:00:00,FR,desktop
u_000571,2025-01-25 00:00:00,MX,mobile
u_000572,2025-01-17 00:00:00,CA,mobile
u_000573,2025-01-03 00:00:00,GB,mobile
u_000574,2025-01-01 00:00:00,CA,mobile
u_000575,2025-01-23 00:00:00,GB,mobile
u_000576,2025-02-25 00:00:00,DE,mobile
u_000577,2025-02-01 00:00:00,IN,mobile
u_000578,2025-02-23 00:00:00,MX,desktop
u_000579,2025-01-07 00:00:00,JP,web
u_000580,2025-01-06 00:00:00,GB,desktop
u_000581,2025-02-20 00:00:00,IN,mobile
u_000582,2025-01-07 00:00:00,DE,desktop
u_000583,2025-01-04 00:00:00,KR,desktop
u_000584,2025-01-25 00:00:00,GB,desktop
u_000585,2025-02-25 00:00:00,JP,desktop
u_000586,2025-02-11 00:00:00,GB,desktop
u_000587,2025-01-06 00:00:00,GB,desktop
u_000588,2025-02-20 00:00:00,MX,mobile
u_000589,2025-02-20 00:00:00,GB,desktop
u_000590,2025-02-18 00:00:00,US,mobile
u_000591,2025-02-24 00:00:00,GB,mobile
u_000592,2025-01-15 00:00:00,JP,mobile
u_000593,2025-02-28 00:00:00,US,desktop
u_000594,2025-01-20 00:00:00,GB,desktop
u_000595,2025-02-18 00:00:00,BR,web
u_000596,2025-02-04 00:00:00,JP,desktop
u_000597,2025-02-16 00:00:00,CA,desktop
u_000598,2025-02-07 00:00:00,MX,web
u_000599,2025-02-08 00:00:00,GB,web
u_000600,2025-02-06 00:00:00,FR,desktop
u_000601,2025-02-16 00:00:00,DE,mobile
u_000602,2025-02-14 00:00:00,CA,mobile
u_000603,2025-01-09 00:00:00,JP,mobile
u_000604,2025-02-19 00:00:00,CA,desktop
u_000605,2025-02-02 00:00:00,CA,desktop
u_000606,2025-01-20 00:00:00,JP,mobile
u_000607,2025-01-31 00:00:00,DE,desktop
u_000608,2025-02-28 00:00:00,JP,mobile
u_000609,2025-02-21 00:00:00,FR,desktop
u_000610,2025-02-20 00:00:00,MX,mobile
u_000611,2025-01-28 00:00:00,MX,mobile
u_000612,2025-02-17 00:00:00,BR,mobile
u_000613,2025-01-24 00:00:00,JP,mobile
u_000614,2025-02-11 00:00:00,BR,desktop
u_000615,2025-02-08 00:00:00,KR,mobile
u_000616,2025-01-15 00:00:00,MX,desktop
u_000617,2025-01-16 00:00:00,US,mobile
u_000618,2025-01-04 00:00:00,KR,mobile
u_000619,2025-01-09 00:00:00,MX,web
u_000620,2025-01-27 00:00:00,FR,mobile
u_000621,2025-01-29 00:00:00,GB,web
u_000622,2025-01-10 00:00:00,BR,desktop
u_000623,2025-01-26 00:00:00,MX,web
u_000624,2025-02-06 00:00:00,MX,mobile
u_000625,2025-01-14 00:00:00,JP,desktop
u_000626,2025-01-21 00:00:00,MX,mobile
u_000627,2025-01-23 00:00:00,US,desktop
u_000628,2025-01-31 00:00:00,KR,desktop
u_000629,2025-01-22 00:00:00,US,desktop
u_000630,2025-02-14 00:00:00,MX,desktop
u_000631,2025-01-20 00:00:00,KR,mobile
u_000632,2025-01-27 00:00:00,MX,mobile
u_000633,2025-01-23 00:00:00,JP,mobile
u_000634,2025-01-11 00:00:00,US,mobile
u_000635,2025-02-11 00:00:00,US,desktop
u_000636,2025-01-15 00:00:00,GB,mobile
u_000637,2025-01-18 00:00:00,CA,desktop
u_000638,2025-02-17 00:00:00,BR,mobile
u_000639,2025-02-26 00:00:00,FR,desktop
u_000640,2025-02-10 00:00:00,DE,mobile
u_000641,2025-02-24 00:00:00,IN,mobile
u_000642,2025-02-21 00:00:00,DE,mobile
u_000643,2025-01-29 00:00:00,IN,mobile
u_000644,2025-02-16 00:00:00,IN,desktop
u_000645,2025-01-20 00:00:00,US,mobile
u_000646,2025-01-28 00:00:00,JP,mobile
u_000647,2025-02-02 00:00:00,CA,mobile
u_000648,2025-02-27 00:00:00,MX,mobile
u_000649,2025-02-20 00:00:00,GB,mobile
u_000650,2025-01-30 00:00:00,FR,web
u_000651,2025-02-09 00:00:00,FR,desktop
u_000652,2025-01-13 00:00:00,MX,mobile
u_000653,2025-02-18 00:00:00,GB,mobile
u_000654,2025-02-03 00:00:00,FR,mobile
u_000655,2025-02-01 00:00:00,JP,web
u_000656,2025-02-15 00:00:00,US,desktop
u_000657,2025-02-07 00:00:00,DE,mobile
u_000658,2025-01-05 00:00:00,KR,desktop
u_000659,2025-01-18 00:00:00,BR,desktop
u_000660,2025-01-11 00:00:00,IN,mobile
u_000661,2025-02-14 00:00:00,CA,desktop
u_000662,2025-01-03 00:00:00,BR,desktop
u_000663,2025-01-13 00:00:00,IN,desktop
u_000664,2025-02-05 00:00:00,DE,mobile
u_000665,2025-02-11 00:00:00,JP,mobile
u_000666,2025-01-31 00:00:00,DE,mobile
u_000667,2025-02-21 00:00:00,MX,desktop
u_000668,2025-02-25 00:00:00,US,mobile
u_000669,2025-01-08 00:00:00,MX,mobile
u_000670,2025-02-27 00:00:00,CA,mobile
u_000671,2025-02-06 00:00:00,FR,desktop
u_000672,2025-02-08 00:00:00,FR,desktop
u_000673,2025-01-06 00:00:00,BR,mobile
u_000674,2025-02-07 00:00:00,MX,mobile
u_000675,2025-02-13 00:00:00,JP,mobile
u_000676,2025-02-04 00:00:00,MX,mobile
u_000677,2025-01-06 00:00:00,FR,mobile
u_000678,2025-02-01 00:00:00,JP,mobile
u_000679,2025-02-26 00:00:00,GB,desktop
u_000680,2025-02-13 00:00:00,BR,mobile
u_000681,2025-01-09 00:00:00,BR,mobile
u_000682,2025-02-27 00:00:00,GB,desktop
u_000683,2025-02-27 00:00:00,FR,mobile
u_000684,2025-01-11 00:00:00,JP,desktop
u_000685,2025-02-18 00:00:00,IN,mobile
u_000686,2025-01-25 00:00:00,DE,desktop
u_000687,2025-02-05 00:00:00,JP,mobile
u_000688,2025-01-27 00:00:00,KR,desktop
u_000689,2025-02-16 00:00:00,MX,mobile
u_000690,2025-03-01 00:00:00,CA,web
u_000691,2025-02-17 00:00:00,KR,desktop
u_000692,2025-02-25 00:00:00,MX,mobile
u_000693,2025-02-26 00:00:00,IN,web
u_000694,2025-01-06 00:00:00,MX,mobile
u_000695,2025-01-16 00:00:00,GB,desktop
u_000696,2025-02-13 00:00:00,BR,mobile
u_000697,2025-02-05 00:00:00,IN,desktop
u_000698,2025-01-04 00:00:00,BR,desktop
u_000699,2025-01-06 00:00:00,BR,mobile
u_000700,2025-02-01 00:00:00,FR,mobile
u_000701,2025-02-06 00:00:00,CA,mobile
u_000702,2025-01-11 00:00:00,DE,desktop
u_000703,2025-01-11 00:00:00,FR,mobile
u_000704,2025-01-08 00:00:00,US,mobile
u_000705,2025-02-03 00:00:00,DE,mobile
u_000706,2025-01-01 00:00:00,CA,mobile
u_000707,2025-02-04 00:00:00,GB,desktop
u_000708,2025-01-29 00:00:00,CA,desktop
u_000709,2025-01-28 00:00:00,FR,mobile
u_000710,2025-02-10 00:00:00,US,web
u_000711,2025-02-01 00:00:00,US,desktop
u_000712,2025-02-13 00:00:00,MX,desktop
u_000713,2025-02-15 00:00:00,JP,desktop
u_000714,2025-02-25 00:00:00,JP,mobile
u_000715,2025-02-17 00:00:00,IN,desktop
u_000716,2025-02-01 00:00:00,IN,mobile
u_000717,2025-01-30 00:00:00,KR,web
u_000718,2025-01-15 00:00:00,JP,desktop
u_000719,2025-02-05 00:00:00,BR,mobile
u_000720,2025-01-09 00:00:00,KR,mobile
u_000721,2025-02-25 00:00:00,KR,mobile
u_000722,2025-02-20 00:00:00,BR,desktop
u_000723,2025-01-08 00:00:00,GB,desktop
u_000724,2025-02-17 00:00:00,CA,desktop
u_000725,2025-01-08 00:00:00,KR,mobile
u_000726,2025-02-13 00:00:00,BR,mobile
u_000727,2025-01-06 00:00:00,US,desktop
u_000728,2025-01-30 00:00:00,JP,desktop
u_000729,2025-02-09 00:00:00,IN,mobile
u_000730,2025-02-13 00:00:00,MX,desktop
u_000731,2025-01-26 00:00:00,JP,desktop
u_000732,2025-02-25 00:00:00,MX,mobile
u_000733,2025-02-16 00:00:00,DE,desktop
u_000734,2025-01-13 00:00:00,IN,desktop
u_000735,2025-02-10 00:00:00,BR,mobile
u_000736,2025-02-13 00:00:00,JP,desktop
u_000737,2025-01-21 00:00:00,BR,mobile
u_000738,2025-02-14 00:00:00,IN,mobile
u_000739,2025-02-23 00:00:00,GB,mobile
u_000740,2025-02-19 00:00:00,BR,desktop
u_000741,2025-02-15 00:00:00,US,mobile
u_000742,2025-02-08 00:00:00,JP,desktop
u_000743,2025-01-17 00:00:00,MX,mobile
u_000744,2025-02-17 00:00:00,BR,desktop
u_000745,2025-01-22 00:00:00,IN,mobile
u_000746,2025-02-01 00:00:00,DE,desktop
u_000747,2025-01-19 00:00:00,FR,desktop
u_000748,2025-01-19 00:00:00,IN,mobile
u_000749,2025-01-10 00:00:00,MX,desktop
u_000750,2025-02-27 00:00:00,DE,desktop
u_000751,2025-01-09 00:00:00,US,mobile
u_000752,2025-01-06 00:00:00,JP,mobile
u_000753,2025-02-26 00:00:00,KR,desktop
u_000754,2025-02-03 00:00:00,MX,mobile
u_000755,2025-01-27 00:00:00,FR,mobile
u_000756,2025-02-14 00:00:00,FR,mobile
u_000757,2025-01-23 00:00:00,KR,mobile
u_000758,2025-01-08 00:00:00,GB,mobile
u_000759,2025-02-13 00:00:00,IN,mobile
u_000760,2025-01-11 00:00:00,BR,mobile
u_000761,2025-02-03 00:00:00,IN,web
u_000762,2025-02-26 00:00:00,GB,desktop
u_000763,2025-02-26 00:00:00,US,desktop
u_000764,2025-01-22 00:00:00,DE,desktop
u_000765,2025-02-16 00:00:00,JP,web
u_000766,2025-02-06 00:00:00,GB,desktop
u_000767,2025-01-29 00:00:00,MX,mobile
u_000768,2025-01-09 00:00:00,IN,mobile
u_000769,2025-01-23 00:00:00,MX,web
u_000770,2025-02-09 00:00:00,KR,desktop
u_000771,2025-03-01 00:00:00,US,mobile
u_000772,2025-01-01 00:00:00,DE,mobile
u_000773,2025-02-13 00:00:00,CA,desktop
u_000774,2025-02-20 00:00:00,JP,mobile
u_000775,2025-02-27 00:00:00,GB,desktop
u_000776,2025-01-26 00:00:00,JP,mobile
u_000777,2025-01-08 00:00:00,MX,mobile
u_000778,2025-01-17 00:00:00,GB,desktop
u_000779,2025-02-21 00:00:00,US,desktop
u_000780,2025-02-22 00:00:00,GB,desktop
u_000781,2025-02-08 00:00:00,MX,desktop
u_000782,2025-01-08 00:00:00,CA,mobile
u_000783,2025-01-08 00:00:00,FR,desktop
u_000784,2025-01-29 00:00:00,MX,desktop
u_000785,2025-02-05 00:00:00,BR,mobile
u_000786,2025-01-02 00:00:00,DE,mobile
u_000787,2025-02-11 00:00:00,US,mobile
u_000788,2025-02-02 00:00:00,US,web
u_000789,2025-01-01 00:00:00,FR,desktop
u_000790,2025-01-06 00:00:00,MX,mobile
u_000791,2025-01-28 00:00:00,BR,desktop
u_000792,2025-02-13 00:00:00,CA,mobile
u_000793,2025-02-19 00:00:00,JP,web
u_000794,2025-01-26 00:00:00,US,mobile
u_000795,2025-01-18 00:00:00,MX,mobile
u_000796,2025-02-28 00:00:00,FR,mobile
u_000797,2025-01-28 00:00:00,JP,desktop
u_000798,2025-01-19 00:00:00,CA,mobile
u_000799,2025-01-27 00:00:00,GB,mobile
u_000800,2025-01-01 00:00:00,CA,web
u_000801,2025-01-19 00:00:00,IN,mobile
u_000802,2025-01-31 00:00:00,MX,desktop
u_000803,2025-02-25 00:00:00,US,mobile
u_000804,2025-02-14 00:00:00,BR,desktop
u_000805,2025-02-16 00:00:00,MX,desktop
u_000806,2025-02-02 00:00:00,DE,desktop
u_000807,2025-01-07 00:00:00,GB,mobile
u_000808,2025-01-24 00:00:00,CA,desktop
u_000809,2025-03-01 00:00:00,BR,desktop
u_000810,2025-01-03 00:00:00,JP,desktop
u_000811,2025-02-22 00:00:00,DE,mobile
u_000812,2025-02-11 00:00:00,BR,mobile
u_000813,2025-01-18 00:00:00,MX,desktop
u_000814,2025-02-16 00:00:00,BR,desktop
u_000815,2025-02-20 00:00:00,US,mobile
u_000816,2025-01-03 00:00:00,KR,desktop
u_000817,2025-01-07 00:00:00,FR,mobile
u_000818,2025-02-09 00:00:00,BR,desktop
u_000819,2025-03-01 00:00:00,CA,web
u_000820,2025-01-02 00:00:00,JP,desktop
u_000821,2025-02-09 00:00:00,FR,mobile
u_000822,2025-01-09 00:00:00,BR,desktop
u_000823,2025-02-09 00:00:00,MX,web
u_000824,2025-02-07 00:00:00,KR,web
u_000825,2025-01-06 00:00:00,FR,mobile
u_000826,2025-02-10 00:00:00,GB,mobile
u_000827,2025-02-23 00:00:00,MX,desktop
u_000828,2025-02-21 00:00:00,KR,mobile
u_000829,2025-01-02 00:00:00,BR,mobile
u_000830,2025-01-15 00:00:00,MX,desktop
u_000831,2025-01-15 00:00:00,CA,mobile
u_000832,2025-01-28 00:00:00,GB,mobile
u_000833,2025-01-09 00:00:00,JP,mobile
u_000834,2025-02-21 00:00:00,GB,mobile
u_000835,2025-02-16 00:00:00,JP,mobile
u_000836,2025-02-18 00:00:00,MX,mobile
u_000837,2025-01-12 00:00:00,FR,desktop
u_000838,2025-01-01 00:00:00,DE,desktop
u_000839,2025-02-24 00:00:00,MX,desktop
u_000840,2025-01-18 00:00:00,IN,mobile
u_000841,2025-02-09 00:00:00,CA,desktop
u_000842,2025-02-24 00:00:00,CA,desktop
u_000843,2025-01-03 00:00:00,IN,desktop
u_000844,2025-01-01 00:00:00,IN,desktop
u_000845,2025-01-01 00:00:00,IN,mobile
u_000846,2025-01-10 00:00:00,FR,desktop
u_000847,2025-01-04 00:00:00,GB,desktop
u_000848,2025-02-19 00:00:00,DE,mobile
u_000849,2025-02-06 00:00:00,GB,desktop
u_000850,2025-02-28 00:00:00,BR,desktop
u_000851,2025-02-18 00:00:00,GB,desktop
u_000852,2025-02-27 00:00:00,BR,mobile
u_000853,2025-01-15 00:00:00,US,desktop
u_000854,2025-01-18 00:00:00,CA,mobile
u_000855,2025-02-20 00:00:00,US,web
u_000856,2025-01-15 00:00:00,JP,mobile
u_000857,2025-01-04 00:00:00,CA,desktop
u_000858,2025-02-10 00:00:00,CA,mobile
u_000859,2025-02-18 00:00:00,IN,mobile
u_000860,2025-02-28 00:00:00,BR,desktop
u_000861,2025-02-25 00:00:00,MX,mobile
u_000862,2025-01-08 00:00:00,FR,desktop
u_000863,2025-02-16 00:00:00,KR,desktop
u_000864,2025-02-20 00:00:00,US,desktop
u_000865,2025-02-11 00:00:00,US,desktop
u_000866,2025-02-19 00:00:00,GB,desktop
u_000867,2025-02-20 00:00:00,BR,mobile
u_000868,2025-01-27 00:00:00,FR,web
u_000869,2025-01-03 00:00:00,DE,desktop
u_000870,2025-01-28 00:00:00,DE,mobile
u_000871,2025-01-13 00:00:00,MX,mobile
u_000872,2025-01-07 00:00:00,FR,desktop
u_000873,2025-01-08 00:00:00,DE,desktop
u_000874,2025-02-11 00:00:00,GB,desktop
u_000875,2025-01-31 00:00:00,JP,desktop
u_000876,2025-02-02 00:00:00,KR,desktop
u_000877,2025-02-14 00:00:00,MX,desktop
u_000878,2025-02-02 00:00:00,FR,mobile
u_000879,2025-02-07 00:00:00,MX,desktop
u_000880,2025-01-06 00:00:00,US,desktop
u_000881,2025-02-21 00:00:00,DE,desktop
u_000882,2025-01-27 00:00:00,JP,mobile
u_000883,2025-01-10 00:00:00,US,desktop
u_000884,2025-02-18 00:00:00,GB,mobile
u_000885,2025-02-14 00:00:00,BR,desktop
u_000886,2025-01-04 00:00:00,MX,desktop
u_000887,2025-01-12 00:00:00,US,web
u_000888,2025-01-01 00:00:00,BR,desktop
u_000889,2025-01-17 00:00:00,BR,desktop
u_000890,2025-01-06 00:00:00,BR,desktop
u_000891,2025-02-12 00:00:00,JP,web
u_000892,2025-02-01 00:00:00,GB,mobile
u_000893,2025-02-28 00:00:00,MX,mobile
u_000894,2025-02-14 00:00:00,DE,web
u_000895,2025-02-06 00:00:00,JP,desktop
u_000896,2025-01-31 00:00:00,KR,web
u_000897,2025-01-04 00:00:00,KR,desktop
u_000898,2025-01-05 00:00:00,CA,mobile
u_000899,2025-02-06 00:00:00,DE,desktop
u_000900,2025-01-01 00:00:00,JP,desktop
u_000901,2025-01-03 00:00:00,FR,web
u_000902,2025-01-14 00:00:00,FR,desktop
u_000903,2025-02-23 00:00:00,KR,web
u_000904,2025-01-28 00:00:00,KR,desktop
u_000905,2025-02-12 00:00:00,FR,mobile
u_000906,2025-01-25 00:00:00,KR,web
u_000907,2025-01-11 00:00:00,MX,desktop
u_000908,2025-01-23 00:00:00,BR,web
u_000909,2025-01-06 00:00:00,GB,mobile
u_000910,2025-02-16 00:00:00,BR,mobile
u_000911,2025-01-12 00:00:00,US,desktop
u_000912,2025-01-23 00:00:00,IN,mobile
u_000913,2025-02-28 00:00:00,DE,mobile
u_000914,2025-02-05 00:00:00,IN,mobile
u_000915,2025-01-28 00:00:00,IN,desktop
u_000916,2025-02-02 00:00:00,KR,desktop
u_000917,2025-02-17 00:00:00,MX,mobile
u_000918,2025-01-16 00:00:00,FR,desktop
u_000919,2025-02-08 00:00:00,GB,mobile
u_000920,2025-02-22 00:00:00,GB,web
u_000921,2025-02-04 00:00:00,CA,desktop
u_000922,2025-01-27 00:00:00,BR,desktop
u_000923,2025-01-09 00:00:00,JP,mobile
u_000924,2025-01-15 00:00:00,IN,desktop
u_000925,2025-02-26 00:00:00,BR,mobile
u_000926,2025-02-02 00:00:00,KR,mobile
u_000927,2025-01-19 00:00:00,GB,mobile
u_000928,2025-01-26 00:00:00,BR,desktop
u_000929,2025-02-04 00:00:00,KR,mobile
u_000930,2025-02-02 00:00:00,BR,mobile
u_000931,2025-02-11 00:00:00,KR,desktop
u_000932,2025-01-16 00:00:00,BR,mobile
u_000933,2025-02-08 00:00:00,IN,mobile
u_000934,2025-01-27 00:00:00,FR,mobile
u_000935,2025-02-26 00:00:00,DE,mobile
u_000936,2025-01-10 00:00:00,CA,desktop
u_000937,2025-01-09 00:00:00,CA,desktop
u_000938,2025-01-28 00:00:00,MX,desktop
u_000939,2025-01-31 00:00:00,BR,desktop
u_000940,2025-02-11 00:00:00,CA,web
u_000941,2025-01-25 00:00:00,MX,desktop
u_000942,2025-02-24 00:00:00,CA,mobile
u_000943,2025-01-29 00:00:00,BR,desktop
u_000944,2025-01-08 00:00:00,FR,desktop
u_000945,2025-01-08 00:00:00,BR,desktop
u_000946,2025-02-28 00:00:00,JP,desktop
u_000947,2025-01-09 00:00:00,IN,mobile
u_000948,2025-02-26 00:00:00,JP,web
u_000949,2025-01-17 00:00:00,JP,mobile
u_000950,2025-01-06 00:00:00,US,desktop
u_000951,2025-01-19 00:00:00,JP,mobile
u_000952,2025-02-06 00:00:00,MX,desktop
u_000953,2025-01-26 00:00:00,IN,web
u_000954,2025-02-17 00:00:00,DE,mobile
u_000955,2025-02-06 00:00:00,MX,desktop
u_000956,2025-01-25 00:00:00,US,desktop
u_000957,2025-02-08 00:00:00,IN,desktop
u_000958,2025-02-28 00:00:00,JP,desktop
u_000959,2025-01-25 00:00:00,IN,web
u_000960,2025-01-10 00:00:00,MX,mobile
u_000961,2025-01-25 00:00:00,IN,web
u_000962,2025-02-20 00:00:00,MX,desktop
u_000963,2025-01-14 00:00:00,US,mobile
u_000964,2025-02-26 00:00:00,CA,desktop
u_000965,2025-02-05 00:00:00,JP,mobile
u_000966,2025-02-06 00:00:00,DE,desktop
u_000967,2025-01-20 00:00:00,DE,desktop
u_000968,2025-02-25 00:00:00,CA,mobile
u_000969,2025-01-03 00:00:00,KR,desktop
u_000970,2025-01-18 00:00:00,KR,mobile
u_000971,2025-01-26 00:00:00,US,mobile
u_000972,2025-01-29 00:00:00,JP,desktop
u_000973,2025-01-29 00:00:00,MX,web
u_000974,2025-01-09 00:00:00,US,mobile
u_000975,2025-01-14 00:00:00,IN,mobile
u_000976,2025-01-06 00:00:00,IN,mobile
u_000977,2025-02-04 00:00:00,FR,mobile
u_000978,2025-01-22 00:00:00,DE,mobile
u_000979,2025-02-03 00:00:00,IN,mobile
u_000980,2025-02-05 00:00:00,CA,mobile
u_000981,2025-02-12 00:00:00,US,desktop
u_000982,2025-02-02 00:00:00,FR,desktop
u_000983,2025-02-08 00:00:00,FR,mobile
u_000984,2025-02-05 00:00:00,CA,desktop
u_000985,2025-02-09 00:00:00,KR,desktop
u_000986,2025-02-06 00:00:00,CA,desktop
u_000987,2025-01-19 00:00:00,CA,mobile
u_000988,2025-01-15 00:00:00,MX,desktop
u_000989,2025-02-17 00:00:00,IN,mobile
u_000990,2025-01-21 00:00:00,IN,mobile
u_000991,2025-02-02 00:00:00,KR,mobile
u_000992,2025-01-12 00:00:00,BR,desktop
u_000993,2025-01-26 00:00:00,FR,mobile
u_000994,2025-02-01 00:00:00,CA,mobile
u_000995,2025-02-07 00:00:00,KR,mobile
u_000996,2025-02-01 00:00:00,GB,mobile
u_000997,2025-01-22 00:00:00,GB,desktop
u_000998,2025-02-27 00:00:00,IN,web
u_000999,2025-01-31 00:00:00,KR,desktop
u_001000,2025-02-18 00:00:00,CA,mobile
u_001001,2025-02-14 00:00:00,KR,mobile
u_001002,2025-02-03 00:00:00,MX,desktop
u_001003,2025-02-23 00:00:00,MX,mobile
u_001004,2025-01-08 00:00:00,CA,desktop
u_001005,2025-02-25 00:00:00,GB,mobile
u_001006,2025-02-21 00:00:00,JP,mobile
u_001007,2025-01-31 00:00:00,IN,desktop
u_001008,2025-02-14 00:00:00,KR,desktop
u_001009,2025-02-01 00:00:00,FR,mobile
u_001010,2025-01-17 00:00:00,GB,desktop
u_001011,2025-02-17 00:00:00,JP,mobile
u_001012,2025-01-15 00:00:00,US,mobile
u_001013,2025-01-19 00:00:00,CA,mobile
u_001014,2025-02-01 00:00:00,IN,desktop
u_001015,2025-02-20 00:00:00,IN,mobile
u_001016,2025-01-24 00:00:00,JP,web
u_001017,2025-01-30 00:00:00,DE,desktop
u_001018,2025-01-03 00:00:00,JP,desktop
u_001019,2025-01-07 00:00:00,CA,desktop
u_001020,2025-01-04 00:00:00,GB,desktop
u_001021,2025-01-05 00:00:00,BR,mobile
u_001022,2025-02-22 00:00:00,GB,mobile
u_001023,2025-02-20 00:00:00,BR,mobile
u_001024,2025-02-19 00:00:00,GB,desktop
u_001025,2025-01-04 00:00:00,KR,desktop
u_001026,2025-01-05 00:00:00,BR,desktop
u_001027,2025-01-17 00:00:00,CA,mobile
u_001028,2025-02-03 00:00:00,DE,mobile
u_001029,2025-01-21 00:00:00,FR,desktop
u_001030,2025-01-30 00:00:00,CA,mobile
u_001031,2025-01-11 00:00:00,DE,desktop
u_001032,2025-02-13 00:00:00,JP,desktop
u_001033,2025-01-19 00:00:00,BR,desktop
u_001034,2025-01-04 00:00:00,US,web
u_001035,2025-02-14 00:00:00,MX,mobile
u_001036,2025-02-24 00:00:00,FR,mobile
u_001037,2025-01-01 00:00:00,BR,desktop
u_001038,2025-01-27 00:00:00,DE,desktop
u_001039,2025-02-19 00:00:00,BR,mobile
u_001040,2025-02-12 00:00:00,GB,desktop
u_001041,2025-02-21 00:00:00,DE,web
u_001042,2025-01-25 00:00:00,GB,mobile
u_001043,2025-01-23 00:00:00,JP,desktop
u_001044,2025-02-12 00:00:00,BR,mobile
u_001045,2025-01-10 00:00:00,FR,web
u_001046,2025-01-15 00:00:00,CA,mobile
u_001047,2025-02-06 00:00:00,CA,mobile
u_001048,2025-02-10 00:00:00,BR,web
u_001049,2025-01-08 00:00:00,CA,desktop
u_001050,2025-01-31 00:00:00,FR,mobile
u_001051,2025-01-22 00:00:00,BR,desktop
u_001052,2025-01-31 00:00:00,CA,mobile
u_001053,2025-02-27 00:00:00,GB,mobile
u_001054,2025-01-05 00:00:00,CA,mobile
u_001055,2025-03-01 00:00:00,IN,mobile
u_001056,2025-01-27 00:00:00,FR,mobile
u_001057,2025-02-16 00:00:00,BR,desktop
u_001058,2025-01-26 00:00:00,GB,desktop
u_001059,2025-01-19 00:00:00,DE,desktop
u_001060,2025-02-16 00:00:00,DE,mobile
u_001061,2025-02-11 00:00:00,GB,desktop
u_001062,2025-01-09 00:00:00,GB,desktop
u_001063,2025-02-12 00:00:00,BR,mobile
u_001064,2025-02-15 00:00:00,CA,desktop
u_001065,2025-01-24 00:00:00,JP,desktop
u_001066,2025-02-25 00:00:00,FR,desktop
u_001067,2025-02-08 00:00:00,CA,desktop
u_001068,2025-01-21 00:00:00,BR,mobile
u_001069,2025-01-01 00:00:00,US,desktop
u_001070,2025-02-10 00:00:00,IN,desktop
u_001071,2025-01-13 00:00:00,IN,web
u_001072,2025-02-15 00:00:00,DE,mobile
u_001073,2025-02-01 00:00:00,CA,mobile
u_001074,2025-01-29 00:00:00,JP,mobile
u_001075,2025-01-10 00:00:00,CA,web
u_001076,2025-02-12 00:00:00,BR,desktop
u_001077,2025-01-10 00:00:00,FR,mobile
u_001078,2025-01-26 00:00:00,DE,mobile
u_001079,2025-02-20 00:00:00,IN,desktop
u_001080,2025-02-25 00:00:00,IN,desktop
u_001081,2025-03-01 00:00:00,FR,desktop
u_001082,2025-02-27 00:00:00,DE,mobile
u_001083,2025-02-03 00:00:00,DE,mobile
u_001084,2025-01-13 00:00:00,GB,mobile
u_001085,2025-02-20 00:00:00,GB,desktop
u_001086,2025-02-18 00:00:00,BR,desktop
u_001087,2025-03-01 00:00:00,BR,mobile
u_001088,2025-02-09 00:00:00,DE,mobile
u_001089,2025-01-09 00:00:00,IN,web
u_001090,2025-01-31 00:00:00,GB,mobile
u_001091,2025-01-27 00:00:00,GB,web
u_001092,2025-02-20 00:00:00,CA,mobile
u_001093,2025-01-24 00:00:00,DE,web
u_001094,2025-01-20 00:00:00,MX,mobile
u_001095,2025-01-05 00:00:00,CA,desktop
u_001096,2025-02-20 00:00:00,BR,desktop
u_001097,2025-02-15 00:00:00,GB,desktop
u_001098,2025-01-03 00:00:00,BR,desktop
u_001099,2025-01-27 00:00:00,DE,desktop
u_001100,2025-01-29 00:00:00,GB,web
u_001101,2025-01-29 00:00:00,BR,desktop
u_001102,2025-02-25 00:00:00,US,web
u_001103,2025-01-10 00:00:00,IN,mobile
u_001104,2025-01-19 00:00:00,CA,mobile
u_001105,2025-01-11 00:00:00,GB,mobile
u_001106,2025-01-15 00:00:00,FR,desktop
u_001107,2025-02-24 00:00:00,GB,mobile
u_001108,2025-02-26 00:00:00,MX,desktop
u_001109,2025-01-03 00:00:00,DE,web
u_001110,2025-02-07 00:00:00,JP,desktop
u_001111,2025-01-14 00:00:00,CA,desktop
u_001112,2025-01-12 00:00:00,US,mobile
u_001113,2025-01-18 00:00:00,MX,mobile
u_001114,2025-01-12 00:00:00,GB,mobile
u_001115,2025-01-30 00:00:00,IN,mobile
u_001116,2025-03-01 00:00:00,KR,desktop
u_001117,2025-02-05 00:00:00,KR,mobile
u_001118,2025-02-13 00:00:00,US,desktop
u_001119,2025-01-30 00:00:00,FR,desktop
u_001120,2025-01-01 00:00:00,KR,desktop
u_001121,2025-01-06 00:00:00,MX,desktop
u_001122,2025-01-17 00:00:00,IN,desktop
u_001123,2025-01-15 00:00:00,KR,mobile
u_001124,2025-02-20 00:00:00,IN,desktop
u_001125,2025-02-20 00:00:00,FR,desktop
u_001126,2025-02-21 00:00:00,FR,mobile
u_001127,2025-02-08 00:00:00,MX,desktop
u_001128,2025-02-03 00:00:00,JP,mobile
u_001129,2025-02-08 00:00:00,CA,web
u_001130,2025-01-25 00:00:00,GB,desktop
u_001131,2025-02-10 00:00:00,IN,web
u_001132,2025-02-17 00:00:00,CA,desktop
u_001133,2025-02-15 00:00:00,US,desktop
u_001134,2025-02-06 00:00:00,CA,mobile
u_001135,2025-01-04 00:00:00,US,mobile
u_001136,2025-02-13 00:00:00,JP,mobile
u_001137,2025-01-22 00:00:00,IN,desktop
u_001138,2025-02-14 00:00:00,IN,mobile
u_001139,2025-02-02 00:00:00,IN,desktop
u_001140,2025-02-22 00:00:00,IN,desktop
u_001141,2025-01-21 00:00:00,IN,desktop
u_001142,2025-02-25 00:00:00,IN,web
u_001143,2025-02-20 00:00:00,JP,desktop
u_001144,2025-01-20 00:00:00,CA,mobile
u_001145,2025-01-29 00:00:00,JP,mobile
u_001146,2025-02-01 00:00:00,KR,mobile
u_001147,2025-02-16 00:00:00,FR,mobile
u_001148,2025-02-11 00:00:00,MX,mobile
u_001149,2025-02-21 00:00:00,BR,desktop
u_001150,2025-01-23 00:00:00,CA,desktop
u_001151,2025-01-31 00:00:00,DE,mobile
u_001152,2025-01-26 00:00:00,BR,desktop
u_001153,2025-02-24 00:00:00,CA,desktop
u_001154,2025-01-19 00:00:00,US,desktop
u_001155,2025-02-05 00:00:00,FR,desktop
u_001156,2025-01-08 00:00:00,CA,desktop
u_001157,2025-02-21 00:00:00,MX,desktop
u_001158,2025-01-24 00:00:00,KR,web
u_001159,2025-01-21 00:00:00,FR,desktop
u_001160,2025-02-04 00:00:00,BR,web
u_001161,2025-01-30 00:00:00,FR,web
u_001162,2025-02-20 00:00:00,BR,desktop
u_001163,2025-02-01 00:00:00,GB,mobile
u_001164,2025-02-01 00:00:00,BR,mobile
u_001165,2025-01-07 00:00:00,IN,mobile
u_001166,2025-01-02 00:00:00,CA,desktop
u_001167,2025-01-24 00:00:00,DE,desktop
u_001168,2025-03-01 00:00:00,FR,desktop
u_001169,2025-02-25 00:00:00,KR,mobile
u_001170,2025-02-07 00:00:00,KR,web
u_001171,2025-02-07 00:00:00,MX,mobile
u_001172,2025-01-24 00:00:00,IN,mobile
u_001173,2025-01-11 00:00:00,GB,web
u_001174,2025-01-01 00:00:00,MX,mobile
u_001175,2025-01-21 00:00:00,JP,desktop
u_001176,2025-01-19 00:00:00,KR,mobile
u_001177,2025-01-12 00:00:00,DE,desktop
u_001178,2025-01-16 00:00:00,DE,desktop
u_001179,2025-01-02 00:00:00,BR,mobile
u_001180,2025-02-06 00:00:00,DE,web
u_001181,2025-02-25 00:00:00,BR,desktop
u_001182,2025-02-11 00:00:00,CA,mobile
u_001183,2025-01-27 00:00:00,US,desktop
u_001184,2025-01-26 00:00:00,KR,desktop
u_001185,2025-01-19 00:00:00,MX,desktop
u_001186,2025-01-09 00:00:00,CA,mobile
u_001187,2025-02-05 00:00:00,IN,mobile
u_001188,2025-02-03 00:00:00,US,desktop
u_001189,2025-01-01 00:00:00,FR,desktop
u_001190,2025-01-25 00:00:00,US,desktop
u_001191,2025-01-17 00:00:00,KR,desktop
u_001192,2025-01-11 00:00:00,KR,mobile
u_001193,2025-02-12 00:00:00,BR,mobile
u_001194,2025-02-01 00:00:00,CA,mobile
u_001195,2025-02-08 00:00:00,BR,desktop
u_001196,2025-02-12 00:00:00,DE,mobile
u_001197,2025-02-28 00:00:00,FR,desktop
u_001198,2025-02-18 00:00:00,MX,desktop
u_001199,2025-02-07 00:00:00,DE,web
u_001200,2025-02-22 00:00:00,MX,mobile
u_001201,2025-01-29 00:00:00,MX,web
u_001202,2025-03-01 00:00:00,CA,web
u_001203,2025-02-15 00:00:00,BR,mobile
u_001204,2025-02-09 00:00:00,DE,web
u_001205,2025-02-24 00:00:00,KR,desktop
u_001206,2025-01-31 00:00:00,MX,desktop
u_001207,2025-02-13 00:00:00,FR,desktop
u_001208,2025-01-18 00:00:00,IN,desktop
u_001209,2025-02-27 00:00:00,DE,desktop
u_001210,2025-02-07 00:00:00,MX,desktop
u_001211,2025-02-16 00:00:00,DE,mobile
u_001212,2025-01-28 00:00:00,GB,mobile
u_001213,2025-02-22 00:00:00,MX,mobile
u_001214,2025-01-05 00:00:00,JP,desktop
u_001215,2025-01-07 00:00:00,DE,mobile
u_001216,2025-01-31 00:00:00,US,desktop
u_001217,2025-02-13 00:00:00,IN,desktop
u_001218,2025-02-18 00:00:00,MX,desktop
u_001219,2025-01-27 00:00:00,IN,desktop
u_001220,2025-02-08 00:00:00,KR,desktop
u_001221,2025-02-03 00:00:00,DE,mobile
u_001222,2025-02-27 00:00:00,CA,mobile
u_001223,2025-02-09 00:00:00,CA,mobile
u_001224,2025-01-26 00:00:00,KR,desktop
u_001225,2025-02-28 00:00:00,CA,mobile
u_001226,2025-01-07 00:00:00,JP,mobile
u_001227,2025-03-01 00:00:00,GB,desktop
u_001228,2025-01-10 00:00:00,CA,mobile
u_001229,2025-01-18 00:00:00,FR,mobile
u_001230,2025-02-19 00:00:00,FR,desktop
u_001231,2025-02-14 00:00:00,DE,desktop
u_001232,2025-02-28 00:00:00,KR,mobile
u_001233,2025-02-14 00:00:00,US,desktop
u_001234,2025-02-08 00:00:00,JP,desktop
u_001235,2025-01-21 00:00:00,JP,desktop
u_001236,2025-01-01 00:00:00,GB,web
u_001237,2025-01-08 00:00:00,MX,desktop
u_001238,2025-01-18 00:00:00,FR,desktop
u_001239,2025-01-03 00:00:00,US,desktop
u_001240,2025-01-31 00:00:00,DE,mobile
u_001241,2025-02-16 00:00:00,DE,mobile
u_001242,2025-02-27 00:00:00,FR,web
u_001243,2025-01-30 00:00:00,JP,desktop
u_001244,2025-02-22 00:00:00,CA,desktop
u_001245,2025-03-01 00:00:00,FR,mobile
u_001246,2025-02-21 00:00:00,CA,desktop
u_001247,2025-01-28 00:00:00,US,mobile
u_001248,2025-01-20 00:00:00,BR,mobile
u_001249,2025-02-28 00:00:00,GB,mobile
u_001250,2025-01-15 00:00:00,GB,web
u_001251,2025-01-25 00:00:00,CA,mobile
u_001252,2025-01-05 00:00:00,BR,desktop
u_001253,2025-02-17 00:00:00,GB,mobile
u_001254,2025-02-08 00:00:00,DE,desktop
u_001255,2025-01-06 00:00:00,BR,mobile
u_001256,2025-01-14 00:00:00,BR,desktop
u_001257,2025-02-03 00:00:00,BR,desktop
u_001258,2025-02-02 00:00:00,JP,mobile
u_001259,2025-02-18 00:00:00,IN,desktop
u_001260,2025-01-16 00:00:00,IN,desktop
u_001261,2025-02-25 00:00:00,IN,mobile
u_001262,2025-01-27 00:00:00,CA,desktop
u_001263,2025-02-19 00:00:00,FR,mobile
u_001264,2025-01-15 00:00:00,JP,desktop
u_001265,2025-01-03 00:00:00,KR,desktop
u_001266,2025-01-04 00:00:00,CA,desktop
u_001267,2025-01-23 00:00:00,KR,mobile
u_001268,2025-02-27 00:00:00,BR,web
u_001269,2025-01-03 00:00:00,MX,desktop
u_001270,2025-01-23 00:00:00,BR,web
u_001271,2025-01-07 00:00:00,IN,mobile
u_001272,2025-02-25 00:00:00,KR,mobile
u_001273,2025-02-10 00:00:00,IN,mobile
u_001274,2025-02-15 00:00:00,DE,mobile
u_001275,2025-02-12 00:00:00,MX,mobile
u_001276,2025-02-09 00:00:00,US,mobile
u_001277,2025-02-16 00:00:00,DE,mobile
u_001278,2025-01-01 00:00:00,MX,desktop
u_001279,2025-02-21 00:00:00,CA,desktop
u_001280,2025-02-14 00:00:00,US,mobile
u_001281,2025-02-14 00:00:00,CA,desktop
u_001282,2025-01-24 00:00:00,MX,desktop
u_001283,2025-02-18 00:00:00,US,desktop
u_001284,2025-01-23 00:00:00,IN,desktop
u_001285,2025-01-03 00:00:00,IN,mobile
u_001286,2025-02-24 00:00:00,BR,mobile
u_001287,2025-01-15 00:00:00,DE,desktop
u_001288,2025-01-07 00:00:00,BR,desktop
u_001289,2025-02-07 00:00:00,BR,desktop
u_001290,2025-01-15 00:00:00,IN,desktop
u_001291,2025-02-21 00:00:00,IN,mobile
u_001292,2025-01-27 00:00:00,DE,mobile
u_001293,2025-01-01 00:00:00,DE,mobile
u_001294,2025-02-27 00:00:00,BR,mobile
u_001295,2025-01-31 00:00:00,CA,web
u_001296,2025-01-16 00:00:00,DE,mobile
u_001297,2025-02-10 00:00:00,MX,mobile
u_001298,2025-02-01 00:00:00,JP,mobile
u_001299,2025-01-02 00:00:00,FR,desktop
u_001300,2025-02-15 00:00:00,KR,web
u_001301,2025-01-25 00:00:00,DE,desktop
u_001302,2025-02-11 00:00:00,KR,desktop
u_001303,2025-02-23 00:00:00,DE,web
u_001304,2025-02-06 00:00:00,BR,mobile
u_001305,2025-02-10 00:00:00,DE,desktop
u_001306,2025-01-16 00:00:00,DE,desktop
u_001307,2025-01-15 00:00:00,BR,desktop
u_001308,2025-01-25 00:00:00,US,mobile
u_001309,2025-02-21 00:00:00,MX,desktop
u_001310,2025-02-01 00:00:00,JP,web
u_001311,2025-01-21 00:00:00,IN,web
u_001312,2025-02-16 00:00:00,MX,mobile
u_001313,2025-02-21 00:00:00,DE,mobile
u_001314,2025-02-24 00:00:00,IN,desktop
u_001315,2025-01-18 00:00:00,FR,desktop
u_001316,2025-02-12 00:00:00,KR,mobile
u_001317,2025-02-05 00:00:00,GB,desktop
u_001318,2025-01-27 00:00:00,DE,desktop
u_001319,2025-01-24 00:00:00,US,desktop
u_001320,2025-01-07 00:00:00,US,desktop
u_001321,2025-01-17 00:00:00,BR,desktop
u_001322,2025-02-02 00:00:00,CA,mobile
u_001323,2025-02-23 00:00:00,KR,mobile
u_001324,2025-02-21 00:00:00,IN,mobile
u_001325,2025-01-12 00:00:00,CA,mobile
u_001326,2025-02-10 00:00:00,BR,desktop
u_001327,2025-01-06 00:00:00,DE,mobile
u_001328,2025-02-10 00:00:00,GB,mobile
u_001329,2025-01-21 00:00:00,MX,desktop
u_001330,2025-01-27 00:00:00,KR,web
u_001331,2025-02-13 00:00:00,FR,desktop
u_001332,2025-01-26 00:00:00,DE,desktop
u_001333,2025-02-18 00:00:00,FR,desktop
u_001334,2025-02-02 00:00:00,US,desktop
u_001335,2025-03-01 00:00:00,DE,desktop
u_001336,2025-02-08 00:00:00,JP,mobile
u_001337,2025-01-18 00:00:00,US,mobile
u_001338,2025-02-16 00:00:00,FR,desktop
u_001339,2025-01-25 00:00:00,FR,mobile
u_001340,2025-02-02 00:00:00,JP,desktop
u_001341,2025-01-09 00:00:00,GB,mobile
u_001342,2025-01-08 00:00:00,US,desktop
u_001343,2025-02-04 00:00:00,KR,desktop
u_001344,2025-01-12 00:00:00,JP,mobile
u_001345,2025-03-01 00:00:00,CA,mobile
u_001346,2025-02-21 00:00:00,KR,mobile
u_001347,2025-02-12 00:00:00,BR,mobile
u_001348,2025-02-14 00:00:00,BR,mobile
u_001349,2025-02-05 00:00:00,CA,desktop
u_001350,2025-01-04 00:00:00,BR,desktop
u_001351,2025-01-24 00:00:00,MX,desktop
u_001352,2025-01-30 00:00:00,BR,desktop
u_001353,2025-02-24 00:00:00,CA,desktop
u_001354,2025-01-14 00:00:00,MX,mobile
u_001355,2025-01-30 00:00:00,IN,desktop
u_001356,2025-01-21 00:00:00,US,mobile
u_001357,2025-01-09 00:00:00,FR,mobile
u_001358,2025-01-07 00:00:00,BR,mobile
u_001359,2025-01-22 00:00:00,JP,mobile
u_001360,2025-01-05 00:00:00,MX,desktop
u_001361,2025-01-05 00:00:00,CA,desktop
u_001362,2025-01-22 00:00:00,US,mobile
u_001363,2025-01-13 00:00:00,FR,mobile
u_001364,2025-02-03 00:00:00,BR,desktop
u_001365,2025-01-02 00:00:00,CA,desktop
u_001366,2025-01-19 00:00:00,KR,mobile
u_001367,2025-01-28 00:00:00,DE,mobile
u_001368,2025-02-27 00:00:00,IN,desktop
u_001369,2025-02-08 00:00:00,BR,desktop
u_001370,2025-02-22 00:00:00,MX,mobile
u_001371,2025-01-21 00:00:00,DE,desktop
u_001372,2025-01-27 00:00:00,GB,mobile
u_001373,2025-01-26 00:00:00,JP,desktop
u_001374,2025-02-23 00:00:00,KR,mobile
u_001375,2025-02-27 00:00:00,JP,desktop
u_001376,2025-02-27 00:00:00,JP,desktop
u_001377,2025-02-15 00:00:00,JP,web
u_001378,2025-01-31 00:00:00,FR,mobile
u_001379,2025-02-02 00:00:00,GB,web
u_001380,2025-02-28 00:00:00,FR,desktop
u_001381,2025-01-18 00:00:00,CA,mobile
u_001382,2025-01-21 00:00:00,MX,web
u_001383,2025-02-23 00:00:00,MX,mobile
u_001384,2025-01-24 00:00:00,CA,desktop
u_001385,2025-01-15 00:00:00,DE,mobile
u_001386,2025-02-03 00:00:00,CA,mobile
u_001387,2025-01-20 00:00:00,CA,web
u_001388,2025-02-23 00:00:00,DE,desktop
u_001389,2025-02-24 00:00:00,KR,desktop
u_001390,2025-01-19 00:00:00,DE,desktop
u_001391,2025-02-01 00:00:00,JP,mobile
u_001392,2025-03-01 00:00:00,CA,web
u_001393,2025-02-14 00:00:00,BR,desktop
u_001394,2025-01-13 00:00:00,GB,mobile
u_001395,2025-02-05 00:00:00,CA,web
u_001396,2025-02-07 00:00:00,IN,desktop
u_001397,2025-02-09 00:00:00,MX,desktop
u_001398,2025-01-02 00:00:00,US,mobile
u_001399,2025-01-18 00:00:00,CA,mobile
u_001400,2025-02-21 00:00:00,FR,desktop
u_001401,2025-01-15 00:00:00,MX,mobile
u_001402,2025-01-18 00:00:00,BR,mobile
u_001403,2025-01-20 00:00:00,MX,web
u_001404,2025-01-11 00:00:00,GB,mobile
u_001405,2025-01-10 00:00:00,GB,mobile
u_001406,2025-01-21 00:00:00,GB,mobile
u_001407,2025-02-22 00:00:00,KR,desktop
u_001408,2025-01-01 00:00:00,KR,mobile
u_001409,2025-01-17 00:00:00,IN,desktop
u_001410,2025-01-04 00:00:00,US,mobile
u_001411,2025-02-03 00:00:00,MX,desktop
u_001412,2025-01-16 00:00:00,DE,mobile
u_001413,2025-02-17 00:00:00,US,desktop
u_001414,2025-02-05 00:00:00,JP,desktop
u_001415,2025-02-17 00:00:00,IN,desktop
u_001416,2025-02-08 00:00:00,KR,mobile
u_001417,2025-01-27 00:00:00,FR,mobile
u_001418,2025-02-21 00:00:00,US,desktop
u_001419,2025-01-29 00:00:00,DE,mobile
u_001420,2025-02-26 00:00:00,JP,mobile
u_001421,2025-03-01 00:00:00,CA,desktop
u_001422,2025-02-05 00:00:00,KR,mobile
u_001423,2025-02-10 00:00:00,GB,desktop
u_001424,2025-01-16 00:00:00,KR,desktop
u_001425,2025-02-18 00:00:00,MX,mobile
u_001426,2025-02-10 00:00:00,IN,desktop
u_001427,2025-02-24 00:00:00,FR,mobile
u_001428,2025-01-17 00:00:00,CA,web
u_001429,2025-02-17 00:00:00,GB,mobile
u_001430,2025-01-29 00:00:00,DE,mobile
u_001431,2025-01-12 00:00:00,CA,mobile
u_001432,2025-01-11 00:00:00,DE,web
u_001433,2025-02-03 00:00:00,GB,desktop
u_001434,2025-01-20 00:00:00,DE,desktop
u_001435,2025-01-07 00:00:00,KR,mobile
u_001436,2025-01-26 00:00:00,DE,desktop
u_001437,2025-02-09 00:00:00,KR,desktop
u_001438,2025-01-20 00:00:00,MX,desktop
u_001439,2025-02-27 00:00:00,FR,mobile
u_001440,2025-02-16 00:00:00,MX,desktop
u_001441,2025-01-31 00:00:00,US,desktop
u_001442,2025-02-26 00:00:00,IN,desktop
u_001443,2025-01-26 00:00:00,DE,desktop
u_001444,2025-01-09 00:00:00,MX,mobile
u_001445,2025-01-03 00:00:00,CA,desktop
u_001446,2025-02-26 00:00:00,GB,mobile
u_001447,2025-02-27 00:00:00,JP,mobile
u_001448,2025-02-14 00:00:00,KR,desktop
u_001449,2025-01-07 00:00:00,IN,mobile
u_001450,2025-01-18 00:00:00,IN,mobile
u_001451,2025-01-03 00:00:00,US,mobile
u_001452,2025-01-04 00:00:00,IN,desktop
u_001453,2025-01-15 00:00:00,GB,desktop
u_001454,2025-02-04 00:00:00,FR,web
u_001455,2025-01-04 00:00:00,FR,mobile
u_001456,2025-03-01 00:00:00,CA,web
u_001457,2025-01-28 00:00:00,US,web
u_001458,2025-01-16 00:00:00,FR,desktop
u_001459,2025-01-31 00:00:00,GB,mobile
u_001460,2025-02-17 00:00:00,IN,mobile
u_001461,2025-01-19 00:00:00,MX,mobile
u_001462,2025-01-03 00:00:00,FR,desktop
u_001463,2025-01-04 00:00:00,US,desktop
u_001464,2025-02-21 00:00:00,GB,mobile
u_001465,2025-01-07 00:00:00,CA,mobile
u_001466,2025-02-08 00:00:00,JP,mobile
u_001467,2025-01-24 00:00:00,DE,desktop
u_001468,2025-02-16 00:00:00,JP,desktop
u_001469,2025-01-04 00:00:00,FR,web
u_001470,2025-02-23 00:00:00,DE,desktop
u_001471,2025-02-11 00:00:00,CA,desktop
u_001472,2025-01-27 00:00:00,CA,mobile
u_001473,2025-01-13 00:00:00,FR,desktop
u_001474,2025-02-28 00:00:00,DE,mobile
u_001475,2025-01-19 00:00:00,DE,desktop
u_001476,2025-01-30 00:00:00,JP,mobile
u_001477,2025-01-24 00:00:00,JP,web
u_001478,2025-01-14 00:00:00,IN,web
u_001479,2025-01-25 00:00:00,CA,mobile
u_001480,2025-01-10 00:00:00,CA,desktop
u_001481,2025-01-01 00:00:00,DE,mobile
u_001482,2025-01-18 00:00:00,CA,mobile
u_001483,2025-01-07 00:00:00,DE,mobile
u_001484,2025-01-25 00:00:00,IN,mobile
u_001485,2025-02-21 00:00:00,US,mobile
u_001486,2025-01-10 00:00:00,GB,mobile
u_001487,2025-01-01 00:00:00,MX,mobile
u_001488,2025-01-07 00:00:00,IN,desktop
u_001489,2025-01-31 00:00:00,CA,mobile
u_001490,2025-01-17 00:00:00,BR,mobile
u_001491,2025-01-30 00:00:00,KR,desktop
u_001492,2025-01-02 00:00:00,GB,mobile
u_001493,2025-01-20 00:00:00,CA,mobile
u_001494,2025-01-25 00:00:00,MX,desktop
u_001495,2025-01-26 00:00:00,JP,mobile
u_001496,2025-02-03 00:00:00,BR,mobile
u_001497,2025-02-16 00:00:00,IN,mobile
u_001498,2025-01-29 00:00:00,BR,desktop
u_001499,2025-02-20 00:00:00,IN,mobile
u_001500,2025-02-01 00:00:00,US,desktop
u_001501,2025-01-16 00:00:00,KR,mobile
u_001502,2025-01-14 00:00:00,GB,desktop
u_001503,2025-01-20 00:00:00,DE,mobile
u_001504,2025-02-05 00:00:00,US,mobile
u_001505,2025-01-15 00:00:00,FR,mobile
u_001506,2025-02-24 00:00:00,FR,mobile
u_001507,2025-01-29 00:00:00,FR,mobile
u_001508,2025-02-21 00:00:00,US,mobile
u_001509,2025-02-10 00:00:00,GB,desktop
u_001510,2025-01-21 00:00:00,MX,web
u_001511,2025-01-14 00:00:00,JP,mobile
u_001512,2025-02-14 00:00:00,BR,web
u_001513,2025-01-20 00:00:00,BR,web
u_001514,2025-01-15 00:00:00,DE,web
u_001515,2025-02-25 00:00:00,MX,mobile
u_001516,2025-01-29 00:00:00,BR,mobile
u_001517,2025-01-03 00:00:00,MX,desktop
u_001518,2025-01-30 00:00:00,KR,mobile
u_001519,2025-01-28 00:00:00,MX,mobile
u_001520,2025-02-21 00:00:00,FR,mobile
u_001521,2025-02-12 00:00:00,GB,mobile
u_001522,2025-01-12 00:00:00,FR,desktop
u_001523,2025-01-10 00:00:00,BR,desktop
u_001524,2025-02-06 00:00:00,DE,mobile
u_001525,2025-01-03 00:00:00,DE,desktop
u_001526,2025-01-20 00:00:00,BR,desktop
u_001527,2025-01-09 00:00:00,US,desktop
u_001528,2025-01-02 00:00:00,BR,mobile
u_001529,2025-02-25 00:00:00,BR,mobile
u_001530,2025-01-06 00:00:00,GB,desktop
u_001531,2025-01-01 00:00:00,US,desktop
u_001532,2025-02-25 00:00:00,US,mobile
u_001533,2025-01-12 00:00:00,MX,desktop
u_001534,2025-02-18 00:00:00,US,mobile
u_001535,2025-01-02 00:00:00,US,mobile
u_001536,2025-01-10 00:00:00,US,desktop
u_001537,2025-01-07 00:00:00,BR,mobile
u_001538,2025-02-12 00:00:00,JP,desktop
u_001539,2025-02-07 00:00:00,FR,desktop
u_001540,2025-01-29 00:00:00,CA,mobile
u_001541,2025-01-15 00:00:00,JP,mobile
u_001542,2025-01-06 00:00:00,US,mobile
u_001543,2025-02-04 00:00:00,CA,desktop
u_001544,2025-01-14 00:00:00,US,desktop
u_001545,2025-02-05 00:00:00,KR,mobile
u_001546,2025-02-11 00:00:00,IN,mobile
u_001547,2025-02-20 00:00:00,FR,web
u_001548,2025-01-30 00:00:00,GB,desktop
u_001549,2025-01-01 00:00:00,KR,mobile
u_001550,2025-01-17 00:00:00,IN,mobile
u_001551,2025-02-21 00:00:00,JP,mobile
u_001552,2025-02-01 00:00:00,MX,desktop
u_001553,2025-02-07 00:00:00,CA,mobile
u_001554,2025-01-28 00:00:00,IN,desktop
u_001555,2025-01-10 00:00:00,IN,mobile
u_001556,2025-02-23 00:00:00,CA,mobile
u_001557,2025-02-16 00:00:00,GB,web
u_001558,2025-03-01 00:00:00,BR,mobile
u_001559,2025-02-21 00:00:00,IN,mobile
u_001560,2025-01-18 00:00:00,US,mobile
u_001561,2025-01-16 00:00:00,BR,mobile
u_001562,2025-01-15 00:00:00,IN,web
u_001563,2025-02-25 00:00:00,CA,desktop
u_001564,2025-02-03 00:00:00,CA,web
u_001565,2025-01-28 00:00:00,DE,mobile
u_001566,2025-02-28 00:00:00,IN,mobile
u_001567,2025-02-06 00:00:00,BR,mobile
u_001568,2025-02-24 00:00:00,CA,mobile
u_001569,2025-03-01 00:00:00,DE,desktop
u_001570,2025-01-05 00:00:00,CA,mobile
u_001571,2025-01-22 00:00:00,FR,desktop
u_001572,2025-02-14 00:00:00,KR,desktop
u_001573,2025-02-18 00:00:00,GB,desktop
u_001574,2025-01-09 00:00:00,MX,desktop
u_001575,2025-01-20 00:00:00,KR,desktop
u_001576,2025-02-02 00:00:00,KR,mobile
u_001577,2025-02-17 00:00:00,FR,desktop
u_001578,2025-01-07 00:00:00,FR,mobile
u_001579,2025-02-06 00:00:00,US,desktop
u_001580,2025-01-18 00:00:00,FR,mobile
u_001581,2025-01-13 00:00:00,CA,mobile
u_001582,2025-01-31 00:00:00,DE,desktop
u_001583,2025-01-25 00:00:00,GB,mobile
u_001584,2025-02-08 00:00:00,CA,web
u_001585,2025-01-20 00:00:00,DE,mobile
u_001586,2025-02-19 00:00:00,IN,desktop
u_001587,2025-01-05 00:00:00,KR,mobile
u_001588,2025-02-21 00:00:00,KR,mobile
u_001589,2025-01-02 00:00:00,MX,desktop
u_001590,2025-02-14 00:00:00,BR,mobile
u_001591,2025-01-21 00:00:00,DE,desktop
u_001592,2025-01-24 00:00:00,MX,mobile
u_001593,2025-01-02 00:00:00,JP,desktop
u_001594,2025-02-12 00:00:00,DE,desktop
u_001595,2025-01-10 00:00:00,DE,web
u_001596,2025-02-09 00:00:00,GB,mobile
u_001597,2025-02-13 00:00:00,JP,mobile
u_001598,2025-02-20 00:00:00,DE,web
u_001599,2025-02-12 00:00:00,KR,desktop
u_001600,2025-01-19 00:00:00,IN,desktop
u_001601,2025-02-14 00:00:00,KR,desktop
u_001602,2025-02-19 00:00:00,BR,mobile
u_001603,2025-01-20 00:00:00,KR,desktop
u_001604,2025-01-08 00:00:00,MX,web
u_001605,2025-02-23 00:00:00,BR,desktop
u_001606,2025-01-09 00:00:00,GB,desktop
u_001607,2025-02-05 00:00:00,KR,desktop
u_001608,2025-01-15 00:00:00,KR,desktop
u_001609,2025-01-08 00:00:00,KR,desktop
u_001610,2025-02-16 00:00:00,JP,mobile
u_001611,2025-01-09 00:00:00,KR,desktop
u_001612,2025-02-10 00:00:00,KR,mobile
u_001613,2025-02-11 00:00:00,US,mobile
u_001614,2025-01-04 00:00:00,CA,mobile
u_001615,2025-01-11 00:00:00,IN,mobile
u_001616,2025-02-17 00:00:00,US,desktop
u_001617,2025-01-31 00:00:00,IN,desktop
u_001618,2025-01-08 00:00:00,IN,desktop
u_001619,2025-03-01 00:00:00,US,web
u_001620,2025-01-16 00:00:00,MX,mobile
u_001621,2025-01-01 00:00:00,DE,desktop
u_001622,2025-02-25 00:00:00,GB,mobile
u_001623,2025-01-01 00:00:00,IN,mobile
u_001624,2025-02-03 00:00:00,FR,mobile
u_001625,2025-03-01 00:00:00,CA,mobile
u_001626,2025-02-04 00:00:00,CA,mobile
u_001627,2025-02-05 00:00:00,DE,mobile
u_001628,2025-01-24 00:00:00,FR,mobile
u_001629,2025-01-08 00:00:00,FR,desktop
u_001630,2025-02-04 00:00:00,IN,desktop
u_001631,2025-02-23 00:00:00,JP,web
u_001632,2025-01-06 00:00:00,US,mobile
u_001633,2025-02-22 00:00:00,CA,desktop
u_001634,2025-01-25 00:00:00,MX,mobile
u_001635,2025-02-02 00:00:00,IN,desktop
u_001636,2025-01-10 00:00:00,JP,mobile
u_001637,2025-02-07 00:00:00,IN,desktop
u_001638,2025-01-11 00:00:00,US,mobile
u_001639,2025-01-17 00:00:00,KR,mobile
u_001640,2025-02-13 00:00:00,CA,desktop
u_001641,2025-01-04 00:00:00,MX,desktop
u_001642,2025-01-27 00:00:00,MX,mobile
u_001643,2025-02-05 00:00:00,IN,desktop
u_001644,2025-01-08 00:00:00,MX,desktop
u_001645,2025-01-18 00:00:00,JP,mobile
u_001646,2025-01-21 00:00:00,KR,desktop
u_001647,2025-02-09 00:00:00,KR,desktop
u_001648,2025-02-28 00:00:00,MX,desktop
u_001649,2025-02-20 00:00:00,CA,mobile
u_001650,2025-01-12 00:00:00,BR,desktop
u_001651,2025-01-02 00:00:00,US,desktop
u_001652,2025-01-04 00:00:00,IN,desktop
u_001653,2025-02-05 00:00:00,JP,desktop
u_001654,2025-01-10 00:00:00,KR,desktop
u_001655,2025-01-14 00:00:00,IN,desktop
u_001656,2025-02-20 00:00:00,JP,desktop
u_001657,2025-02-22 00:00:00,MX,desktop
u_001658,2025-02-20 00:00:00,GB,mobile
u_001659,2025-01-16 00:00:00,IN,desktop
u_001660,2025-02-07 00:00:00,JP,desktop
u_001661,2025-02-06 00:00:00,IN,web
u_001662,2025-01-12 00:00:00,MX,mobile
u_001663,2025-02-03 00:00:00,MX,mobile
u_001664,2025-02-01 00:00:00,JP,desktop
u_001665,2025-01-24 00:00:00,IN,desktop
u_001666,2025-02-15 00:00:00,JP,desktop
u_001667,2025-02-10 00:00:00,BR,desktop
u_001668,2025-02-01 00:00:00,IN,desktop
u_001669,2025-02-13 00:00:00,DE,mobile
u_001670,2025-02-15 00:00:00,BR,desktop
u_001671,2025-02-04 00:00:00,US,mobile
u_001672,2025-01-17 00:00:00,JP,desktop
u_001673,2025-02-15 00:00:00,US,desktop
u_001674,2025-02-13 00:00:00,KR,mobile
u_001675,2025-03-01 00:00:00,IN,mobile
u_001676,2025-01-09 00:00:00,GB,desktop
u_001677,2025-01-26 00:00:00,CA,mobile
u_001678,2025-02-25 00:00:00,JP,desktop
u_001679,2025-01-31 00:00:00,CA,desktop
u_001680,2025-02-26 00:00:00,CA,mobile
u_001681,2025-01-01 00:00:00,US,desktop
u_001682,2025-01-03 00:00:00,DE,desktop
u_001683,2025-02-17 00:00:00,JP,mobile
u_001684,2025-01-22 00:00:00,MX,desktop
u_001685,2025-02-01 00:00:00,BR,desktop
u_001686,2025-01-26 00:00:00,BR,desktop
u_001687,2025-01-25 00:00:00,MX,web
u_001688,2025-02-26 00:00:00,MX,mobile
u_001689,2025-01-06 00:00:00,BR,desktop
u_001690,2025-02-16 00:00:00,IN,desktop
u_001691,2025-02-23 00:00:00,KR,mobile
u_001692,2025-02-09 00:00:00,BR,desktop
u_001693,2025-01-24 00:00:00,GB,mobile
u_001694,2025-01-10 00:00:00,GB,mobile
u_001695,2025-02-10 00:00:00,KR,desktop
u_001696,2025-01-29 00:00:00,GB,desktop
u_001697,2025-01-09 00:00:00,IN,desktop
u_001698,2025-01-22 00:00:00,DE,desktop
u_001699,2025-02-27 00:00:00,CA,desktop
u_001700,2025-01-16 00:00:00,BR,mobile
u_001701,2025-01-11 00:00:00,DE,desktop
u_001702,2025-02-10 00:00:00,DE,mobile
u_001703,2025-01-12 00:00:00,MX,mobile
u_001704,2025-02-25 00:00:00,MX,desktop
u_001705,2025-02-21 00:00:00,JP,desktop
u_001706,2025-03-01 00:00:00,BR,desktop
u_001707,2025-02-24 00:00:00,CA,mobile
u_001708,2025-01-15 00:00:00,IN,desktop
u_001709,2025-01-13 00:00:00,FR,mobile
u_001710,2025-01-21 00:00:00,GB,mobile
u_001711,2025-01-29 00:00:00,MX,mobile
u_001712,2025-02-22 00:00:00,FR,web
u_001713,2025-02-14 00:00:00,DE,mobile
u_001714,2025-02-08 00:00:00,CA,mobile
u_001715,2025-02-22 00:00:00,DE,mobile
u_001716,2025-02-08 00:00:00,GB,mobile
u_001717,2025-01-23 00:00:00,DE,mobile
u_001718,2025-01-25 00:00:00,KR,web
u_001719,2025-02-01 00:00:00,DE,mobile
u_001720,2025-01-06 00:00:00,KR,mobile
u_001721,2025-02-14 00:00:00,JP,mobile
u_001722,2025-02-09 00:00:00,CA,mobile
u_001723,2025-02-13 00:00:00,MX,desktop
u_001724,2025-02-02 00:00:00,US,mobile
u_001725,2025-02-16 00:00:00,MX,mobile
u_001726,2025-02-26 00:00:00,BR,web
u_001727,2025-02-04 00:00:00,JP,desktop
u_001728,2025-01-27 00:00:00,GB,mobile
u_001729,2025-01-07 00:00:00,KR,mobile
u_001730,2025-02-16 00:00:00,CA,web
u_001731,2025-02-24 00:00:00,FR,web
u_001732,2025-02-11 00:00:00,IN,mobile
u_001733,2025-02-21 00:00:00,MX,mobile
u_001734,2025-02-21 00:00:00,GB,desktop
u_001735,2025-02-17 00:00:00,DE,web
u_001736,2025-01-31 00:00:00,GB,desktop
u_001737,2025-01-06 00:00:00,JP,mobile
u_001738,2025-01-01 00:00:00,KR,mobile
u_001739,2025-01-13 00:00:00,FR,desktop
u_001740,2025-01-26 00:00:00,DE,desktop
u_001741,2025-02-14 00:00:00,GB,desktop
u_001742,2025-01-28 00:00:00,MX,mobile
u_001743,2025-01-02 00:00:00,IN,mobile
u_001744,2025-01-13 00:00:00,DE,desktop
u_001745,2025-02-28 00:00:00,MX,mobile
u_001746,2025-03-01 00:00:00,IN,desktop
u_001747,2025-01-23 00:00:00,MX,mobile
u_001748,2025-02-18 00:00:00,MX,desktop
u_001749,2025-02-13 00:00:00,MX,desktop
u_001750,2025-02-25 00:00:00,JP,desktop
u_001751,2025-02-23 00:00:00,CA,mobile
u_001752,2025-02-07 00:00:00,MX,mobile
u_001753,2025-01-24 00:00:00,DE,mobile
u_001754,2025-02-07 00:00:00,US,mobile
u_001755,2025-01-20 00:00:00,GB,desktop
u_001756,2025-01-21 00:00:00,KR,desktop
u_001757,2025-02-06 00:00:00,JP,desktop
u_001758,2025-02-04 00:00:00,US,web
u_001759,2025-02-04 00:00:00,JP,desktop
u_001760,2025-01-24 00:00:00,BR,web
u_001761,2025-01-25 00:00:00,JP,desktop
u_001762,2025-01-01 00:00:00,JP,desktop
u_001763,2025-02-06 00:00:00,KR,desktop
u_001764,2025-02-04 00:00:00,IN,desktop
u_001765,2025-02-26 00:00:00,IN,mobile
u_001766,2025-01-31 00:00:00,KR,mobile
u_001767,2025-01-29 00:00:00,CA,desktop
u_001768,2025-01-05 00:00:00,FR,mobile
u_001769,2025-01-12 00:00:00,GB,mobile
u_001770,2025-01-21 00:00:00,IN,web
u_001771,2025-01-23 00:00:00,GB,web
u_001772,2025-01-22 00:00:00,JP,mobile
u_001773,2025-01-24 00:00:00,BR,mobile
u_001774,2025-02-16 00:00:00,IN,mobile
u_001775,2025-01-08 00:00:00,BR,mobile
u_001776,2025-01-20 00:00:00,JP,mobile
u_001777,2025-01-10 00:00:00,FR,desktop
u_001778,2025-01-19 00:00:00,MX,mobile
u_001779,2025-02-11 00:00:00,IN,web
u_001780,2025-01-03 00:00:00,US,desktop
u_001781,2025-01-21 00:00:00,DE,mobile
u_001782,2025-01-02 00:00:00,BR,web
u_001783,2025-02-27 00:00:00,CA,desktop
u_001784,2025-02-13 00:00:00,MX,mobile
u_001785,2025-01-15 00:00:00,JP,web
u_001786,2025-01-12 00:00:00,BR,web
u_001787,2025-01-06 00:00:00,US,desktop
u_001788,2025-01-29 00:00:00,MX,desktop
u_001789,2025-02-15 00:00:00,GB,mobile
u_001790,2025-02-05 00:00:00,BR,desktop
u_001791,2025-02-22 00:00:00,BR,desktop
u_001792,2025-01-21 00:00:00,DE,desktop
u_001793,2025-01-17 00:00:00,KR,desktop
u_001794,2025-01-29 00:00:00,FR,mobile
u_001795,2025-01-13 00:00:00,DE,mobile
u_001796,2025-02-28 00:00:00,KR,mobile
u_001797,2025-01-12 00:00:00,US,mobile
u_001798,2025-01-29 00:00:00,US,desktop
u_001799,2025-02-01 00:00:00,US,desktop
u_001800,2025-01-04 00:00:00,MX,desktop
u_001801,2025-01-29 00:00:00,JP,desktop
u_001802,2025-01-28 00:00:00,FR,desktop
u_001803,2025-01-16 00:00:00,US,desktop
u_001804,2025-01-08 00:00:00,US,desktop
u_001805,2025-01-03 00:00:00,FR,desktop
u_001806,2025-01-01 00:00:00,BR,mobile
u_001807,2025-01-29 00:00:00,BR,mobile
u_001808,2025-01-06 00:00:00,JP,web
u_001809,2025-02-27 00:00:00,KR,mobile
u_001810,2025-01-15 00:00:00,DE,mobile
u_001811,2025-02-09 00:00:00,IN,desktop
u_001812,2025-02-10 00:00:00,KR,mobile
u_001813,2025-01-30 00:00:00,IN,desktop
u_001814,2025-02-23 00:00:00,GB,desktop
u_001815,2025-01-07 00:00:00,US,desktop
u_001816,2025-01-15 00:00:00,IN,desktop
u_001817,2025-01-16 00:00:00,FR,desktop
u_001818,2025-01-09 00:00:00,KR,mobile
u_001819,2025-01-18 00:00:00,FR,mobile
u_001820,2025-01-19 00:00:00,BR,mobile
u_001821,2025-02-15 00:00:00,US,mobile
u_001822,2025-01-19 00:00:00,JP,mobile
u_001823,2025-02-22 00:00:00,BR,desktop
u_001824,2025-02-16 00:00:00,JP,mobile
u_001825,2025-02-24 00:00:00,MX,mobile
u_001826,2025-01-07 00:00:00,GB,desktop
u_001827,2025-03-01 00:00:00,JP,desktop
u_001828,2025-02-06 00:00:00,KR,web
u_001829,2025-02-28 00:00:00,BR,mobile
u_001830,2025-01-22 00:00:00,FR,mobile
u_001831,2025-02-27 00:00:00,DE,mobile
u_001832,2025-02-05 00:00:00,FR,desktop
u_001833,2025-01-05 00:00:00,KR,mobile
u_001834,2025-01-25 00:00:00,BR,desktop
u_001835,2025-01-09 00:00:00,CA,desktop
u_001836,2025-02-26 00:00:00,BR,mobile
u_001837,2025-01-19 00:00:00,JP,desktop
u_001838,2025-01-14 00:00:00,MX,mobile
u_001839,2025-02-03 00:00:00,MX,desktop
u_001840,2025-01-26 00:00:00,FR,mobile
u_001841,2025-01-06 00:00:00,IN,mobile
u_001842,2025-02-18 00:00:00,JP,mobile
u_001843,2025-02-20 00:00:00,GB,mobile
u_001844,2025-02-14 00:00:00,MX,web
u_001845,2025-02-07 00:00:00,IN,mobile
u_001846,2025-01-25 00:00:00,CA,mobile
u_001847,2025-02-02 00:00:00,GB,mobile
u_001848,2025-02-01 00:00:00,CA,desktop
u_001849,2025-01-10 00:00:00,DE,desktop
u_001850,2025-01-05 00:00:00,CA,desktop
u_001851,2025-01-16 00:00:00,US,desktop
u_001852,2025-01-28 00:00:00,BR,desktop
u_001853,2025-01-10 00:00:00,GB,desktop
u_001854,2025-01-07 00:00:00,IN,mobile
u_001855,2025-02-21 00:00:00,CA,desktop
u_001856,2025-01-23 00:00:00,GB,mobile
u_001857,2025-02-05 00:00:00,US,desktop
u_001858,2025-02-01 00:00:00,GB,mobile
u_001859,2025-02-14 00:00:00,IN,desktop
u_001860,2025-02-14 00:00:00,JP,mobile
u_001861,2025-01-18 00:00:00,KR,desktop
u_001862,2025-02-20 00:00:00,DE,mobile
u_001863,2025-01-23 00:00:00,KR,desktop
u_001864,2025-02-20 00:00:00,KR,web
u_001865,2025-01-25 00:00:00,CA,desktop
u_001866,2025-01-07 00:00:00,JP,mobile
u_001867,2025-02-15 00:00:00,FR,desktop
u_001868,2025-01-02 00:00:00,DE,mobile
u_001869,2025-02-16 00:00:00,CA,mobile
u_001870,2025-01-03 00:00:00,US,desktop
u_001871,2025-01-13 00:00:00,BR,desktop
u_001872,2025-02-06 00:00:00,FR,desktop
u_001873,2025-02-26 00:00:00,IN,desktop
u_001874,2025-01-25 00:00:00,KR,web
u_001875,2025-01-08 00:00:00,KR,desktop
u_001876,2025-01-14 00:00:00,KR,desktop
u_001877,2025-02-23 00:00:00,DE,web
u_001878,2025-02-13 00:00:00,BR,desktop
u_001879,2025-01-07 00:00:00,US,desktop
u_001880,2025-01-24 00:00:00,FR,mobile
u_001881,2025-01-16 00:00:00,DE,web
u_001882,2025-01-11 00:00:00,JP,mobile
u_001883,2025-02-20 00:00:00,IN,mobile
u_001884,2025-02-07 00:00:00,BR,web
u_001885,2025-01-11 00:00:00,IN,desktop
u_001886,2025-02-09 00:00:00,US,web
u_001887,2025-01-25 00:00:00,BR,mobile
u_001888,2025-01-04 00:00:00,BR,web
u_001889,2025-01-27 00:00:00,FR,desktop
u_001890,2025-01-12 00:00:00,JP,desktop
u_001891,2025-01-15 00:00:00,MX,mobile
u_001892,2025-02-22 00:00:00,IN,mobile
u_001893,2025-02-12 00:00:00,DE,mobile
u_001894,2025-01-09 00:00:00,KR,web
u_001895,2025-02-21 00:00:00,MX,mobile
u_001896,2025-02-04 00:00:00,JP,desktop
u_001897,2025-02-22 00:00:00,US,desktop
u_001898,2025-02-14 00:00:00,GB,desktop
u_001899,2025-01-21 00:00:00,MX,desktop
u_001900,2025-02-02 00:00:00,JP,desktop
u_001901,2025-02-01 00:00:00,MX,mobile
u_001902,2025-02-13 00:00:00,JP,mobile
u_001903,2025-01-15 00:00:00,US,mobile
u_001904,2025-01-20 00:00:00,FR,desktop
u_001905,2025-01-15 00:00:00,CA,mobile
u_001906,2025-01-18 00:00:00,CA,mobile
u_001907,2025-01-10 00:00:00,MX,mobile
u_001908,2025-01-03 00:00:00,BR,mobile
u_001909,2025-02-26 00:00:00,MX,mobile
u_001910,2025-01-05 00:00:00,DE,mobile
u_001911,2025-02-23 00:00:00,MX,mobile
u_001912,2025-01-01 00:00:00,BR,mobile
u_001913,2025-02-16 00:00:00,JP,desktop
u_001914,2025-01-20 00:00:00,CA,desktop
u_001915,2025-02-01 00:00:00,US,desktop
u_001916,2025-01-17 00:00:00,US,mobile
u_001917,2025-01-30 00:00:00,FR,mobile
u_001918,2025-01-28 00:00:00,US,mobile
u_001919,2025-02-01 00:00:00,KR,desktop
u_001920,2025-01-24 00:00:00,MX,desktop
u_001921,2025-02-02 00:00:00,KR,mobile
u_001922,2025-02-19 00:00:00,IN,desktop
u_001923,2025-01-27 00:00:00,IN,web
u_001924,2025-01-22 00:00:00,KR,desktop
u_001925,2025-01-08 00:00:00,JP,mobile
u_001926,2025-01-22 00:00:00,JP,mobile
u_001927,2025-01-08 00:00:00,BR,mobile
u_001928,2025-01-11 00:00:00,KR,desktop
u_001929,2025-02-27 00:00:00,CA,web
u_001930,2025-01-06 00:00:00,CA,mobile
u_001931,2025-01-29 00:00:00,US,mobile
u_001932,2025-02-20 00:00:00,CA,mobile
u_001933,2025-02-27 00:00:00,CA,desktop
u_001934,2025-01-09 00:00:00,BR,mobile
u_001935,2025-01-10 00:00:00,FR,desktop
u_001936,2025-01-23 00:00:00,JP,desktop
u_001937,2025-02-03 00:00:00,IN,mobile
u_001938,2025-02-27 00:00:00,CA,mobile
u_001939,2025-01-13 00:00:00,JP,desktop
u_001940,2025-01-10 00:00:00,JP,desktop
u_001941,2025-01-16 00:00:00,GB,desktop
u_001942,2025-02-22 00:00:00,MX,desktop
u_001943,2025-01-02 00:00:00,MX,mobile
u_001944,2025-01-23 00:00:00,BR,desktop
u_001945,2025-01-08 00:00:00,CA,mobile
u_001946,2025-01-10 00:00:00,US,desktop
u_001947,2025-02-25 00:00:00,GB,desktop
u_001948,2025-01-01 00:00:00,MX,mobile
u_001949,2025-01-20 00:00:00,BR,desktop
u_001950,2025-02-24 00:00:00,GB,desktop
u_001951,2025-02-06 00:00:00,DE,web
u_001952,2025-01-05 00:00:00,CA,web
u_001953,2025-01-28 00:00:00,IN,mobile
u_001954,2025-02-28 00:00:00,JP,desktop
u_001955,2025-01-25 00:00:00,MX,mobile
u_001956,2025-02-01 00:00:00,JP,web
u_001957,2025-02-01 00:00:00,CA,web
u_001958,2025-02-09 00:00:00,US,desktop
u_001959,2025-01-12 00:00:00,DE,desktop
u_001960,2025-02-20 00:00:00,MX,desktop
u_001961,2025-03-01 00:00:00,FR,desktop
u_001962,2025-01-09 00:00:00,KR,mobile
u_001963,2025-02-19 00:00:00,GB,desktop
u_001964,2025-02-19 00:00:00,BR,desktop
u_001965,2025-02-14 00:00:00,FR,desktop
u_001966,2025-01-23 00:00:00,CA,mobile
u_001967,2025-01-29 00:00:00,DE,desktop
u_001968,2025-02-20 00:00:00,JP,desktop
u_001969,2025-01-10 00:00:00,KR,desktop
u_001970,2025-02-19 00:00:00,IN,web
u_001971,2025-02-25 00:00:00,MX,desktop
u_001972,2025-02-10 00:00:00,BR,mobile
u_001973,2025-01-21 00:00:00,DE,desktop
u_001974,2025-02-03 00:00:00,US,desktop
u_001975,2025-01-04 00:00:00,KR,desktop
u_001976,2025-02-25 00:00:00,KR,desktop
u_001977,2025-01-21 00:00:00,MX,desktop
u_001978,2025-01-04 00:00:00,JP,mobile
u_001979,2025-02-17 00:00:00,BR,mobile
u_001980,2025-02-09 00:00:00,IN,desktop
u_001981,2025-02-07 00:00:00,US,desktop
u_001982,2025-01-04 00:00:00,KR,mobile
u_001983,2025-02-15 00:00:00,KR,desktop
u_001984,2025-02-08 00:00:00,FR,desktop
u_001985,2025-02-17 00:00:00,GB,desktop
u_001986,2025-02-19 00:00:00,GB,desktop
u_001987,2025-01-13 00:00:00,US,mobile
u_001988,2025-01-13 00:00:00,IN,web
u_001989,2025-02-25 00:00:00,IN,web
u_001990,2025-02-01 00:00:00,CA,web
u_001991,2025-01-27 00:00:00,CA,desktop
u_001992,2025-01-18 00:00:00,BR,desktop
u_001993,2025-02-08 00:00:00,DE,desktop
u_001994,2025-02-15 00:00:00,JP,desktop
u_001995,2025-01-01 00:00:00,GB,desktop
u_001996,2025-02-03 00:00:00,US,desktop
u_001997,2025-03-01 00:00:00,FR,mobile
u_001998,2025-01-17 00:00:00,CA,desktop
u_001999,2025-01-17 00:00:00,JP,desktop
